temperature,humidity,soil_moisture,light_level,health_score,status
24.6,45.6,66.7,0,85,Healthy
52.3,59.3,67.6,1,91,Perfect
31.4,24.6,28.2,0,56,Doing well
31.9,59.5,86.7,0,76,Healthy
30.0,80.7,70.9,1,85,Healthy
9.6,10.6,12.1,1,40,I'm okay
48.7,35.8,84.2,1,67,Doing well
17.4,33.0,30.2,0,52,I'm okay
53.4,64.5,5.6,0,56,Doing well
40.4,52.4,12.0,1,80,Healthy
12.5,36.8,30.4,1,67,Doing well
48.2,21.8,13.8,1,51,I'm okay
50.7,14.7,32.9,0,47,I'm okay
8.5,45.8,76.4,0,65,Doing well
23.0,43.0,29.2,0,76,Healthy
49.4,19.6,27.6,1,62,Doing well
37.0,90.7,92.8,1,71,Doing well
49.3,92.3,71.0,1,71,Doing well
20.0,91.9,6.2,0,45,I'm okay
17.1,22.8,40.9,1,71,Doing well
5.5,11.1,35.5,0,36,Struggling
31.5,36.9,85.2,0,61,Doing well
30.1,45.6,27.5,1,91,Perfect
27.0,12.6,26.7,1,71,Doing well
23.2,45.9,38.0,1,91,Perfect
40.7,63.5,40.0,0,85,Healthy
30.7,37.0,80.2,1,76,Healthy
31.5,81.6,7.1,1,65,Doing well
46.3,11.6,86.0,1,62,Doing well
32.1,83.2,38.2,0,61,Doing well
10.4,63.7,84.1,1,82,Healthy
33.6,30.8,32.2,0,61,Doing well
22.3,41.2,69.0,0,85,Healthy
43.8,35.3,72.4,0,70,Doing well
29.3,41.3,60.0,1,100,Perfect
24.2,80.7,5.8,0,50,I'm okay
36.0,36.7,13.0,1,65,Doing well
15.8,14.3,17.0,0,36,Struggling
18.1,12.3,49.6,0,56,Doing well
30.3,33.3,30.6,0,61,Doing well
15.6,65.1,12.5,1,71,Doing well
16.2,28.4,75.0,1,71,Doing well
40.5,13.6,49.2,1,80,Healthy
53.5,38.4,5.5,1,56,Doing well
48.3,27.8,64.7,0,56,Doing well
15.0,45.0,26.1,0,67,Doing well
41.4,18.9,44.7,1,80,Healthy
21.4,15.7,31.6,0,56,Doing well
41.2,63.0,49.4,0,85,Healthy
19.2,59.9,18.8,1,71,Doing well
39.4,43.4,24.3,1,91,Perfect
41.1,84.0,49.3,0,70,Doing well
7.1,11.3,8.7,0,25,Struggling
21.3,26.1,63.1,1,80,Healthy
46.1,78.5,51.1,1,91,Perfect
31.7,50.7,58.6,0,85,Healthy
17.4,65.1,30.3,0,67,Doing well
11.9,90.6,59.1,1,71,Doing well
52.3,38.9,53.1,0,61,Doing well
6.1,51.7,30.8,1,71,Doing well
25.5,47.0,80.3,1,91,Perfect
28.3,80.5,73.7,0,70,Doing well
41.9,51.2,46.6,1,100,Perfect
14.2,24.4,84.4,0,47,I'm okay
48.8,83.3,71.5,0,61,Doing well
54.4,94.8,46.8,1,71,Doing well
18.3,71.3,31.7,1,82,Healthy
39.6,67.5,33.2,0,76,Healthy
18.8,30.2,82.2,0,52,I'm okay
33.3,71.2,6.6,0,65,Doing well
24.3,11.8,67.4,1,80,Healthy
32.1,38.9,54.9,0,70,Doing well
8.2,55.7,23.6,1,71,Doing well
34.3,43.1,57.1,0,85,Healthy
6.7,17.6,85.3,0,36,Struggling
13.0,47.7,62.0,0,76,Healthy
52.4,86.5,5.9,1,56,Doing well
5.8,85.6,73.6,0,50,I'm okay
37.2,39.1,57.0,1,85,Healthy
53.7,59.1,55.8,1,91,Perfect
45.9,49.9,21.1,1,82,Healthy
35.2,48.0,78.6,1,100,Perfect
29.3,65.9,8.6,0,65,Doing well
25.0,58.9,16.8,1,80,Healthy
31.0,78.4,16.4,0,65,Doing well
31.6,44.2,53.4,0,85,Healthy
53.8,40.4,89.6,0,67,Doing well
46.1,52.1,46.0,0,76,Healthy
12.5,18.4,77.6,1,71,Doing well
20.8,64.0,28.8,0,76,Healthy
9.7,50.3,78.3,1,80,Healthy
40.7,65.4,94.3,1,91,Perfect
52.8,14.5,30.4,1,62,Doing well
44.2,78.0,21.4,1,91,Perfect
6.1,89.9,89.7,0,41,I'm okay
51.1,34.5,10.3,0,41,I'm okay
22.7,19.5,91.9,0,56,Doing well
40.8,72.7,45.4,0,85,Healthy
26.6,73.1,62.1,1,100,Perfect
33.4,33.4,65.9,1,85,Healthy
34.7,49.1,73.1,0,85,Healthy
45.6,46.8,9.0,1,71,Doing well
36.1,27.6,77.1,0,65,Doing well
50.0,72.9,39.4,1,82,Healthy
25.0,68.6,82.6,0,76,Healthy
52.6,81.5,80.4,1,67,Doing well
17.0,65.6,40.3,0,76,Healthy
44.4,30.2,87.3,1,76,Healthy
54.6,90.0,74.4,0,61,Doing well
40.8,60.1,55.4,1,100,Perfect
48.9,80.1,92.5,1,67,Doing well
28.2,77.4,60.6,0,85,Healthy
25.7,51.7,21.3,0,76,Healthy
35.3,56.5,22.2,0,76,Healthy
46.3,36.7,52.1,1,76,Healthy
35.4,71.3,35.0,1,91,Perfect
50.6,44.3,25.8,0,67,Doing well
45.0,20.2,32.6,1,71,Doing well
27.9,23.6,5.3,0,45,I'm okay
30.7,69.4,32.0,1,91,Perfect
18.6,49.6,7.4,0,56,Doing well
47.5,87.1,94.2,0,52,I'm okay
41.9,28.2,89.8,0,56,Doing well
49.6,87.4,10.2,1,56,Doing well
45.5,79.9,30.3,1,82,Healthy
52.3,61.7,66.4,0,76,Healthy
20.7,14.4,34.8,0,56,Doing well
46.8,29.3,53.5,0,56,Doing well
51.5,37.0,38.1,1,67,Doing well
33.4,71.7,88.9,1,91,Perfect
43.3,43.2,45.4,1,100,Perfect
26.5,65.8,20.4,0,76,Healthy
5.2,69.8,45.8,0,65,Doing well
11.2,35.3,45.4,0,61,Doing well
23.3,76.7,20.3,1,91,Perfect
13.2,60.3,74.6,1,91,Perfect
8.9,23.8,66.6,1,60,Doing well
26.0,42.9,71.5,1,100,Perfect
48.4,75.3,36.7,1,82,Healthy
40.6,56.9,6.5,0,65,Doing well
53.3,10.8,9.8,1,51,I'm okay
40.2,29.8,19.2,0,45,I'm okay
29.9,35.2,75.2,1,85,Healthy
34.8,29.7,29.9,0,56,Doing well
10.3,52.1,46.6,0,76,Healthy
17.1,45.8,25.1,0,67,Doing well
47.5,87.5,15.6,1,56,Doing well
21.1,47.3,81.7,1,91,Perfect
51.1,27.6,86.7,0,47,I'm okay
51.5,13.5,6.7,1,51,I'm okay
47.6,51.4,84.0,0,67,Doing well
9.8,52.0,51.0,0,65,Doing well
20.2,54.1,44.7,1,100,Perfect
23.7,52.7,8.9,0,65,Doing well
24.6,51.4,24.2,1,91,Perfect
48.7,82.4,22.3,1,67,Doing well
11.0,79.0,25.8,0,67,Doing well
36.6,31.9,49.8,1,85,Healthy
21.9,47.7,45.4,0,85,Healthy
40.5,84.8,81.8,1,76,Healthy
45.9,59.2,54.5,1,91,Perfect
19.9,32.7,38.6,0,52,I'm okay
36.9,59.5,33.3,1,91,Perfect
7.9,33.0,19.6,0,30,Struggling
7.8,46.7,93.4,0,56,Doing well
10.3,10.4,11.9,1,51,I'm okay
28.2,80.1,40.2,0,70,Doing well
13.9,30.1,20.1,1,67,Doing well
50.2,51.5,39.1,1,82,Healthy
48.4,20.7,30.4,0,47,I'm okay
24.6,29.7,53.0,0,65,Doing well
48.1,74.8,87.4,0,67,Doing well
30.1,73.7,30.0,0,76,Healthy
53.7,85.7,84.1,0,52,I'm okay
36.8,48.5,53.6,1,100,Perfect
5.4,53.7,72.1,1,80,Healthy
29.9,88.6,37.8,1,76,Healthy
33.4,15.4,94.1,1,71,Doing well
5.7,53.6,48.2,0,65,Doing well
32.0,76.5,29.3,1,91,Perfect
20.4,42.2,77.4,1,100,Perfect
34.5,65.5,48.3,0,85,Healthy
51.1,15.3,18.9,0,36,Struggling
33.2,92.0,8.5,0,45,I'm okay
40.8,78.1,82.6,1,91,Perfect
20.5,73.3,93.7,1,91,Perfect
44.3,86.9,18.5,1,65,Doing well
10.6,58.8,49.6,0,76,Healthy
32.0,61.0,88.7,0,76,Healthy
35.1,22.5,79.9,0,65,Doing well
13.4,64.4,59.3,1,91,Perfect
19.0,72.0,82.9,0,67,Doing well
9.2,76.0,13.1,0,45,I'm okay
43.4,71.5,24.0,0,76,Healthy
54.2,50.5,54.4,0,76,Healthy
54.2,75.0,44.4,1,91,Perfect
32.1,41.2,53.0,0,85,Healthy
16.0,56.6,30.9,0,67,Doing well
42.5,50.2,66.9,0,85,Healthy
34.0,51.2,47.4,1,100,Perfect
20.3,23.6,12.5,0,45,I'm okay
50.5,36.8,78.7,0,61,Doing well
55.0,66.3,26.7,1,82,Healthy
36.3,28.5,71.6,1,80,Healthy
13.0,42.6,37.4,0,67,Doing well
7.1,13.7,72.4,0,45,I'm okay
46.6,32.2,90.2,1,67,Doing well
25.9,22.9,35.7,0,56,Doing well
35.3,51.0,24.2,0,76,Healthy
10.1,63.4,50.4,0,76,Healthy
8.9,38.7,78.8,1,65,Doing well
26.2,12.7,63.3,1,80,Healthy
53.8,90.0,84.8,1,67,Doing well
48.5,83.5,46.5,1,76,Healthy
6.0,45.3,91.5,0,56,Doing well
50.7,32.0,78.7,0,61,Doing well
10.6,69.7,93.8,0,67,Doing well
37.4,50.1,40.2,1,100,Perfect
23.8,37.1,37.7,0,61,Doing well
32.4,86.5,78.2,0,70,Doing well
41.5,84.9,33.7,1,76,Healthy
12.3,89.7,18.4,1,56,Doing well
19.1,71.3,77.6,0,76,Healthy
15.9,46.8,9.1,0,56,Doing well
35.1,19.8,30.6,1,71,Doing well
18.7,93.0,79.2,0,56,Doing well
43.0,10.1,72.1,1,80,Healthy
23.3,27.9,78.9,1,80,Healthy
31.8,50.3,18.3,1,80,Healthy
32.9,64.7,69.3,0,85,Healthy
16.9,48.8,6.0,1,71,Doing well
32.2,20.9,72.2,0,65,Doing well
51.5,23.8,43.7,1,71,Doing well
51.3,62.9,57.4,0,76,Healthy
39.2,69.6,37.3,0,76,Healthy
26.6,30.0,5.1,1,65,Doing well
43.4,67.2,7.6,0,65,Doing well
41.7,56.0,94.2,1,91,Perfect
39.3,55.3,10.9,0,65,Doing well
17.1,69.6,17.6,1,71,Doing well
36.2,92.2,35.2,0,56,Doing well
5.6,22.7,79.5,1,60,Doing well
5.5,63.5,85.4,0,56,Doing well
13.5,52.4,76.3,1,91,Perfect
35.8,31.1,12.4,1,65,Doing well
34.6,30.8,44.7,1,85,Healthy
53.0,64.6,65.1,1,91,Perfect
28.3,36.1,21.5,0,61,Doing well
27.3,35.3,76.5,1,85,Healthy
26.4,70.3,5.1,0,65,Doing well
12.5,30.5,61.4,1,76,Healthy
5.8,19.2,40.1,0,45,I'm okay
54.7,31.7,36.3,1,67,Doing well
52.3,25.2,39.3,0,47,I'm okay
33.5,93.2,72.7,1,80,Healthy
49.9,48.8,76.8,0,76,Healthy
48.0,41.6,93.8,0,67,Doing well
24.6,28.0,45.4,0,65,Doing well
35.6,71.9,16.3,0,65,Doing well
34.1,47.5,66.1,1,100,Perfect
34.8,26.3,7.2,1,60,Doing well
26.2,79.2,84.9,1,91,Perfect
54.2,74.5,26.9,0,67,Doing well
9.3,61.8,80.2,1,71,Doing well
45.3,59.5,25.1,1,82,Healthy
5.2,41.5,14.0,1,60,Doing well
24.1,38.7,12.4,0,50,I'm okay
52.2,74.0,19.3,1,71,Doing well
35.7,19.4,39.4,1,71,Doing well
6.2,91.7,71.6,1,60,Doing well
48.7,56.7,26.7,1,82,Healthy
48.3,71.8,62.4,0,76,Healthy
48.3,71.6,16.1,1,71,Doing well
29.8,60.6,90.4,0,76,Healthy
31.9,87.8,60.1,0,70,Doing well
25.4,27.5,74.0,0,65,Doing well
21.4,41.1,41.3,0,85,Healthy
35.6,14.2,77.8,1,80,Healthy
45.9,31.9,35.2,1,67,Doing well
46.9,35.3,46.1,1,76,Healthy
55.0,19.1,11.3,1,51,I'm okay
28.8,52.4,34.5,0,76,Healthy
19.2,42.7,74.9,1,91,Perfect
26.8,26.2,5.8,0,45,I'm okay
46.4,28.5,20.0,1,62,Doing well
49.7,11.6,67.8,0,56,Doing well
23.9,67.7,78.1,1,100,Perfect
52.7,11.6,9.6,0,36,Struggling
40.8,51.3,25.7,0,76,Healthy
37.5,47.1,66.6,1,100,Perfect
54.6,46.9,86.6,0,67,Doing well
51.3,90.7,46.0,0,56,Doing well
31.3,77.3,43.9,1,100,Perfect
6.1,61.2,52.1,0,65,Doing well
28.1,22.0,58.6,0,65,Doing well
7.8,39.4,56.0,0,50,I'm okay
41.3,92.6,60.2,0,65,Doing well
35.3,13.3,23.2,0,56,Doing well
35.9,62.9,15.7,1,80,Healthy
17.0,40.8,10.8,0,56,Doing well
54.0,20.7,51.4,1,71,Doing well
32.4,15.5,37.8,0,56,Doing well
16.9,10.5,19.6,1,51,I'm okay
9.9,26.5,75.9,1,60,Doing well
52.3,84.5,43.5,1,76,Healthy
28.0,72.2,78.8,1,100,Perfect
30.9,14.6,16.8,1,60,Doing well
42.5,94.0,30.4,0,56,Doing well
24.5,85.6,55.9,1,85,Healthy
47.8,78.9,16.7,0,56,Doing well
9.2,43.6,66.5,1,80,Healthy
47.0,93.6,47.7,0,56,Doing well
30.8,65.1,24.8,0,76,Healthy
36.2,26.2,48.6,0,65,Doing well
5.5,68.8,50.7,0,65,Doing well
5.6,75.8,57.1,1,80,Healthy
18.8,13.8,18.1,1,51,I'm okay
24.7,36.3,6.9,0,50,I'm okay
33.5,47.8,19.8,1,80,Healthy
32.7,66.8,65.6,1,100,Perfect
14.4,75.1,23.1,1,82,Healthy
52.3,88.9,61.8,1,76,Healthy
36.3,36.1,6.9,0,50,I'm okay
5.2,33.8,91.4,0,41,I'm okay
46.7,70.6,80.5,0,67,Doing well
30.2,90.8,77.7,0,65,Doing well
33.3,12.3,66.6,0,65,Doing well
48.7,51.3,53.1,0,76,Healthy
50.5,88.8,63.8,1,76,Healthy
31.7,92.5,42.0,0,65,Doing well
53.9,24.9,79.5,0,56,Doing well
18.7,87.7,28.6,0,52,I'm okay
13.7,58.8,53.8,1,91,Perfect
20.3,63.6,61.4,1,100,Perfect
38.1,85.8,7.1,1,65,Doing well
44.5,30.4,75.0,0,70,Doing well
39.4,29.7,6.7,0,45,I'm okay
25.6,86.5,67.6,0,70,Doing well
38.0,92.1,26.1,1,71,Doing well
19.4,46.2,34.8,1,82,Healthy
21.4,52.7,28.1,1,91,Perfect
54.2,52.5,84.0,1,82,Healthy
38.7,86.9,22.8,1,76,Healthy
49.9,52.0,48.5,1,91,Perfect
18.2,44.5,38.1,1,82,Healthy
43.3,35.8,16.2,0,50,I'm okay
27.3,60.4,17.0,0,65,Doing well
45.8,48.6,32.2,1,82,Healthy
17.3,23.7,55.0,1,71,Doing well
43.1,32.5,61.1,1,85,Healthy
17.4,21.0,69.7,0,56,Doing well
31.4,13.7,25.6,1,71,Doing well
7.8,68.9,25.8,1,71,Doing well
44.1,37.9,20.2,1,76,Healthy
19.6,11.3,87.2,1,62,Doing well
31.4,45.9,71.9,0,85,Healthy
13.9,12.1,36.3,1,62,Doing well
22.9,32.1,13.4,0,50,I'm okay
14.3,65.9,62.0,1,91,Perfect
27.2,15.4,41.9,0,65,Doing well
49.4,45.7,49.9,0,76,Healthy
5.4,22.4,9.9,0,25,Struggling
45.0,81.2,61.7,1,85,Healthy
53.2,39.1,54.9,1,76,Healthy
11.8,78.6,35.6,1,82,Healthy
34.7,21.5,71.9,0,65,Doing well
36.4,38.0,52.6,0,70,Doing well
52.9,32.7,30.2,1,67,Doing well
20.6,39.2,23.4,1,76,Healthy
20.5,32.4,35.2,1,76,Healthy
8.6,57.0,10.7,1,60,Doing well
29.5,74.1,16.1,1,80,Healthy
30.2,52.6,5.6,1,80,Healthy
46.7,86.7,30.8,0,52,I'm okay
46.8,12.7,36.5,1,62,Doing well
35.9,63.1,17.5,1,80,Healthy
34.1,13.7,44.8,1,80,Healthy
14.1,71.7,84.1,0,67,Doing well
48.2,56.5,70.5,1,91,Perfect
31.2,23.8,71.5,1,80,Healthy
8.6,26.8,29.3,1,51,I'm okay
8.2,13.1,69.4,1,60,Doing well
23.4,77.0,38.2,0,76,Healthy
16.9,43.7,79.7,1,91,Perfect
16.5,15.7,39.0,1,62,Doing well
34.0,31.2,70.3,0,70,Doing well
38.4,11.6,37.5,0,56,Doing well
31.0,71.1,27.7,1,91,Perfect
44.0,73.7,56.0,0,85,Healthy
7.8,30.3,86.4,0,41,I'm okay
29.4,58.0,63.2,0,85,Healthy
50.2,92.6,70.0,0,56,Doing well
36.4,76.7,33.2,0,76,Healthy
14.3,62.3,83.2,1,82,Healthy
24.1,58.1,68.4,0,85,Healthy
5.4,13.7,39.0,0,36,Struggling
51.1,16.6,25.9,0,47,I'm okay
45.9,35.6,18.4,0,41,I'm okay
42.7,25.0,70.1,0,65,Doing well
14.3,52.4,38.9,1,82,Healthy
27.8,54.1,77.0,1,100,Perfect
45.2,31.6,14.7,0,41,I'm okay
20.6,43.4,91.7,1,91,Perfect
17.8,24.5,85.8,0,47,I'm okay
14.9,62.0,58.1,1,91,Perfect
45.3,27.6,58.7,1,71,Doing well
29.6,34.0,44.8,0,70,Doing well
21.5,90.9,12.4,0,45,I'm okay
47.2,62.0,10.9,1,71,Doing well
50.6,76.8,73.2,0,76,Healthy
45.0,73.2,10.4,0,65,Doing well
53.5,35.1,85.6,1,67,Doing well
31.1,49.5,85.3,1,91,Perfect
23.5,76.8,59.2,0,85,Healthy
29.9,57.0,60.3,1,100,Perfect
52.8,61.2,5.1,1,71,Doing well
8.9,14.3,79.1,1,60,Doing well
29.3,58.6,65.8,0,85,Healthy
11.6,80.7,31.5,1,67,Doing well
21.9,80.4,39.5,0,61,Doing well
54.1,10.4,53.2,0,56,Doing well
42.0,94.3,63.9,1,80,Healthy
28.1,47.5,71.4,1,100,Perfect
41.5,13.7,73.6,0,65,Doing well
47.9,70.6,94.5,0,67,Doing well
28.6,86.5,32.5,1,76,Healthy
21.2,18.3,44.0,1,80,Healthy
20.3,80.6,56.4,1,85,Healthy
6.6,51.4,17.2,0,45,I'm okay
35.6,88.4,22.2,0,61,Doing well
16.8,39.6,14.1,0,41,I'm okay
24.6,49.1,30.8,0,76,Healthy
11.7,72.1,63.1,1,91,Perfect
16.7,23.2,40.4,1,71,Doing well
7.7,56.2,45.1,0,65,Doing well
23.7,32.7,79.6,1,85,Healthy
18.0,61.0,49.9,1,91,Perfect
28.5,35.7,26.2,0,61,Doing well
23.0,57.4,87.4,0,76,Healthy
8.7,78.6,87.3,1,71,Doing well
23.3,84.9,23.5,0,61,Doing well
30.4,78.5,30.1,0,76,Healthy
19.7,79.3,79.0,0,76,Healthy
35.4,42.0,43.0,0,85,Healthy
28.4,62.8,94.0,1,91,Perfect
48.0,22.6,34.8,0,47,I'm okay
50.2,20.1,44.5,1,71,Doing well
7.2,68.8,63.5,1,80,Healthy
19.3,69.1,31.5,1,82,Healthy
15.0,46.0,29.4,0,67,Doing well
34.5,66.2,91.6,0,76,Healthy
49.1,39.8,34.6,1,67,Doing well
28.1,53.9,42.6,1,100,Perfect
28.8,91.7,79.2,1,80,Healthy
28.5,12.4,15.4,1,60,Doing well
51.2,37.4,37.6,1,67,Doing well
49.4,12.7,49.1,0,56,Doing well
28.6,87.8,94.1,0,61,Doing well
16.3,48.0,35.7,1,82,Healthy
54.5,40.9,53.6,1,91,Perfect
12.5,82.3,86.1,1,67,Doing well
33.5,14.6,92.7,1,71,Doing well
5.9,16.3,37.0,1,51,I'm okay
31.5,19.4,46.8,1,80,Healthy
28.4,18.1,49.2,0,65,Doing well
44.1,84.9,56.5,0,70,Doing well
42.2,88.7,33.8,0,61,Doing well
19.6,65.2,88.6,1,82,Healthy
41.9,50.0,58.7,1,100,Perfect
29.8,36.4,77.6,0,70,Doing well
13.0,54.2,60.8,1,91,Perfect
10.4,48.0,46.8,1,91,Perfect
53.0,56.9,84.0,0,67,Doing well
21.2,28.8,29.1,1,71,Doing well
36.4,75.0,13.9,1,80,Healthy
18.3,34.0,18.6,0,41,I'm okay
32.1,81.8,32.5,0,61,Doing well
47.5,68.5,89.4,0,67,Doing well
50.2,74.2,74.6,0,76,Healthy
35.3,22.9,11.0,1,60,Doing well
17.9,47.3,77.1,1,91,Perfect
17.4,30.7,92.0,0,52,I'm okay
43.9,19.0,77.3,0,65,Doing well
30.3,88.7,42.1,1,85,Healthy
19.8,14.8,73.9,1,71,Doing well
48.5,57.3,26.7,1,82,Healthy
49.4,22.9,38.0,0,47,I'm okay
22.0,11.1,58.5,1,80,Healthy
11.0,10.6,59.5,1,71,Doing well
16.1,82.1,80.6,1,67,Doing well
8.8,29.5,68.5,1,60,Doing well
34.4,60.9,39.6,1,91,Perfect
16.5,65.4,79.6,1,91,Perfect
31.0,85.9,6.8,0,50,I'm okay
28.3,23.6,40.2,1,80,Healthy
13.7,59.1,19.6,1,71,Doing well
31.1,55.9,72.9,0,85,Healthy
30.2,15.8,63.8,1,80,Healthy
50.4,57.2,71.0,0,76,Healthy
8.6,89.9,83.5,1,56,Doing well
11.0,47.3,88.2,1,82,Healthy
35.0,22.1,62.9,0,65,Doing well
16.0,76.6,90.2,0,67,Doing well
36.9,45.5,94.3,0,76,Healthy
49.1,67.9,10.2,1,71,Doing well
38.3,29.3,79.9,1,80,Healthy
24.5,37.0,57.4,0,70,Doing well
54.1,27.5,52.5,0,56,Doing well
38.4,77.3,27.8,0,76,Healthy
39.7,27.8,28.9,1,71,Doing well
41.5,11.7,20.0,0,56,Doing well
52.7,87.6,88.2,1,67,Doing well
38.5,64.8,57.7,1,100,Perfect
48.2,34.6,32.8,0,52,I'm okay
46.2,81.8,6.1,1,56,Doing well
40.3,17.9,28.1,1,71,Doing well
40.3,10.6,32.7,1,71,Doing well
34.9,49.3,20.1,0,76,Healthy
53.1,75.8,79.1,1,91,Perfect
19.2,15.2,93.9,1,62,Doing well
9.1,78.5,24.1,1,71,Doing well
32.1,41.9,61.7,1,100,Perfect
32.1,55.4,64.6,1,100,Perfect
27.7,55.8,73.6,0,85,Healthy
51.5,19.0,34.4,1,62,Doing well
12.4,90.7,45.9,1,71,Doing well
44.0,40.0,8.0,1,80,Healthy
52.3,78.2,63.1,0,76,Healthy
51.2,64.7,58.2,0,76,Healthy
16.9,79.9,54.0,1,91,Perfect
6.7,66.8,44.7,0,65,Doing well
10.6,45.5,20.0,1,82,Healthy
15.8,45.2,40.5,0,76,Healthy
24.3,45.8,44.2,0,85,Healthy
24.1,15.6,13.6,0,45,I'm okay
33.1,19.7,94.5,0,56,Doing well
9.1,64.6,30.0,0,56,Doing well
45.2,33.7,61.5,0,61,Doing well
12.2,85.1,51.8,0,61,Doing well
28.9,57.1,9.8,1,80,Healthy
30.7,59.3,5.8,1,80,Healthy
53.4,77.4,61.6,1,91,Perfect
6.2,91.1,60.5,1,60,Doing well
54.4,15.9,85.1,0,47,I'm okay
21.9,92.4,48.2,0,65,Doing well
7.7,90.4,47.4,0,45,I'm okay
30.1,45.5,7.8,1,80,Healthy
25.1,84.5,50.7,0,70,Doing well
51.0,17.6,80.4,1,62,Doing well
13.5,75.2,75.5,1,91,Perfect
54.4,82.4,28.8,1,67,Doing well
11.3,58.1,7.6,0,56,Doing well
35.3,65.6,60.2,1,100,Perfect
28.2,40.2,45.0,1,100,Perfect
32.6,12.8,22.4,0,56,Doing well
38.1,53.9,15.3,1,80,Healthy
11.8,37.7,18.4,0,41,I'm okay
8.0,20.3,29.1,1,51,I'm okay
35.6,82.7,61.6,0,70,Doing well
9.4,50.6,26.7,0,56,Doing well
32.4,56.9,48.9,1,100,Perfect
30.2,59.5,59.0,1,100,Perfect
50.9,81.4,14.4,0,41,I'm okay
26.7,20.4,16.1,0,45,I'm okay
34.8,10.1,10.6,0,45,I'm okay
52.7,36.0,39.4,0,52,I'm okay
24.9,34.9,84.8,0,61,Doing well
47.5,63.0,23.4,0,67,Doing well
40.7,15.8,68.7,1,80,Healthy
18.1,17.5,88.1,0,47,I'm okay
12.0,83.1,17.8,1,56,Doing well
13.0,40.1,10.9,0,56,Doing well
11.3,37.2,27.1,1,67,Doing well
8.4,78.6,75.2,1,80,Healthy
36.5,23.5,6.5,0,45,I'm okay
25.9,77.6,24.5,0,76,Healthy
17.6,93.7,81.1,0,47,I'm okay
49.2,40.1,12.7,0,56,Doing well
34.8,92.7,22.9,1,71,Doing well
15.5,24.0,57.0,1,71,Doing well
18.4,45.5,88.3,1,82,Healthy
6.4,68.6,74.7,1,80,Healthy
36.0,28.4,92.1,1,71,Doing well
18.5,32.0,70.1,1,76,Healthy
6.1,22.7,68.6,0,45,I'm okay
28.3,89.1,80.0,1,85,Healthy
29.0,23.2,42.9,1,80,Healthy
9.1,86.6,26.2,1,56,Doing well
10.9,78.6,71.8,1,91,Perfect
17.4,42.0,48.6,1,91,Perfect
39.9,41.9,21.8,1,91,Perfect
29.4,87.8,12.7,0,50,I'm okay
27.7,34.6,5.5,1,65,Doing well
17.4,35.6,7.6,0,41,I'm okay
54.5,76.7,26.8,0,67,Doing well
52.5,66.1,73.8,0,76,Healthy
11.4,82.1,65.4,0,61,Doing well
26.8,22.3,41.8,1,80,Healthy
7.5,33.2,55.8,1,65,Doing well
47.2,54.5,83.8,0,67,Doing well
14.2,74.0,42.4,0,76,Healthy
29.8,51.2,79.2,0,85,Healthy
14.8,17.6,54.6,0,56,Doing well
9.7,68.3,58.7,0,65,Doing well
8.6,58.0,51.6,0,65,Doing well
51.7,47.3,40.3,1,91,Perfect
32.8,45.6,33.6,1,91,Perfect
39.8,68.5,86.0,1,91,Perfect
19.9,81.7,32.7,0,52,I'm okay
21.9,36.0,28.4,1,76,Healthy
9.7,63.7,55.2,0,65,Doing well
35.5,64.4,6.6,0,65,Doing well
9.0,12.5,82.9,1,51,I'm okay
11.3,56.0,20.0,1,82,Healthy
19.2,31.8,42.2,0,61,Doing well
41.0,26.8,15.5,0,45,I'm okay
36.6,74.2,86.3,1,91,Perfect
27.5,68.9,52.1,1,100,Perfect
14.4,84.6,20.2,1,67,Doing well
33.6,27.4,49.9,0,65,Doing well
41.6,77.8,64.7,0,85,Healthy
50.7,22.8,86.2,0,47,I'm okay
31.9,73.5,53.1,1,100,Perfect
48.8,93.4,88.9,1,62,Doing well
50.0,50.8,41.6,0,76,Healthy
44.1,23.7,58.4,0,65,Doing well
46.8,37.8,90.0,0,52,I'm okay
41.2,94.5,60.3,1,80,Healthy
41.6,90.5,87.8,0,56,Doing well
34.2,21.1,26.1,0,56,Doing well
46.0,17.0,8.3,0,36,Struggling
52.0,85.8,48.1,1,76,Healthy
9.6,76.6,79.4,0,65,Doing well
10.5,35.3,10.9,0,41,I'm okay
43.9,16.1,18.1,1,60,Doing well
41.7,88.6,55.4,1,85,Healthy
6.2,13.1,86.0,1,51,I'm okay
52.3,66.2,46.7,0,76,Healthy
47.7,65.4,14.2,0,56,Doing well
31.7,67.3,58.3,0,85,Healthy
42.6,48.4,46.5,1,100,Perfect
37.6,38.8,82.3,0,61,Doing well
50.5,17.1,8.0,0,36,Struggling
26.4,45.5,39.0,1,91,Perfect
37.1,55.5,49.8,1,100,Perfect
49.2,59.0,55.6,0,76,Healthy
42.7,68.7,6.7,1,80,Healthy
50.6,62.4,29.8,0,67,Doing well
47.2,60.2,53.7,1,91,Perfect
40.7,93.9,40.7,0,65,Doing well
18.2,41.8,85.5,0,67,Doing well
11.9,68.1,70.2,0,76,Healthy
45.1,71.1,58.4,0,76,Healthy
13.1,71.5,7.1,1,71,Doing well
14.1,39.8,15.0,1,56,Doing well
23.9,11.2,70.8,1,80,Healthy
35.2,43.9,79.6,1,100,Perfect
35.8,90.4,18.0,1,60,Doing well
54.0,13.4,72.7,1,71,Doing well
37.6,73.2,68.6,0,85,Healthy
14.8,79.3,57.7,0,76,Healthy
27.5,94.9,10.4,1,60,Doing well
7.3,76.8,68.6,1,80,Healthy
35.7,28.1,60.2,0,65,Doing well
32.5,89.5,88.7,0,61,Doing well
32.3,23.2,38.9,0,56,Doing well
44.9,43.8,77.2,1,100,Perfect
21.5,31.8,37.3,1,76,Healthy
6.7,93.6,41.8,0,45,I'm okay
34.3,77.7,34.0,0,76,Healthy
24.8,23.9,87.3,0,56,Doing well
43.4,50.6,70.2,0,85,Healthy
37.6,28.6,65.8,0,65,Doing well
25.8,18.7,88.3,1,71,Doing well
23.0,10.6,74.3,0,65,Doing well
46.8,58.0,94.8,1,82,Healthy
16.3,75.1,34.0,0,67,Doing well
44.3,87.1,89.3,1,76,Healthy
49.4,73.9,40.1,0,76,Healthy
21.9,19.1,9.8,0,45,I'm okay
9.5,14.3,93.6,0,36,Struggling
29.9,29.0,54.2,0,65,Doing well
16.8,82.6,92.9,1,67,Doing well
40.5,67.4,43.7,0,85,Healthy
24.0,85.2,16.6,0,50,I'm okay
45.8,74.4,69.7,0,76,Healthy
21.0,82.8,35.0,0,61,Doing well
33.2,38.2,61.8,1,85,Healthy
52.7,51.9,74.9,1,91,Perfect
8.9,73.5,52.9,0,65,Doing well
52.9,24.8,32.9,1,62,Doing well
34.2,42.9,65.7,0,85,Healthy
51.5,53.6,35.2,1,82,Healthy
11.7,61.5,33.0,0,67,Doing well
39.9,36.9,22.6,1,76,Healthy
37.9,89.0,69.2,0,70,Doing well
17.8,73.0,12.5,1,71,Doing well
43.6,87.6,40.8,0,70,Doing well
21.1,87.6,27.1,0,61,Doing well
45.9,47.3,36.3,0,67,Doing well
17.3,54.9,59.7,1,91,Perfect
6.0,91.5,15.6,1,40,I'm okay
11.1,74.1,61.8,0,76,Healthy
10.1,41.1,47.7,0,76,Healthy
54.6,44.0,50.9,0,76,Healthy
20.9,37.9,11.3,1,65,Doing well
6.3,46.0,47.9,1,80,Healthy
20.5,92.5,80.6,0,56,Doing well
30.3,94.3,16.8,0,45,I'm okay
44.7,27.1,60.9,1,80,Healthy
22.7,14.6,22.6,1,71,Doing well
23.6,67.6,42.3,0,85,Healthy
6.1,71.5,93.6,1,71,Doing well
14.9,25.7,46.3,1,71,Doing well
16.9,53.2,89.9,1,82,Healthy
48.9,72.2,24.7,1,82,Healthy
40.6,49.5,74.8,1,100,Perfect
50.4,47.6,62.0,0,76,Healthy
15.8,39.2,31.2,1,67,Doing well
28.3,33.5,92.0,1,76,Healthy
34.4,22.1,34.3,0,56,Doing well
50.8,82.5,16.8,0,41,I'm okay
40.6,58.8,36.1,0,76,Healthy
29.3,72.8,43.0,1,100,Perfect
24.3,35.8,81.0,1,76,Healthy
39.0,13.8,6.2,1,60,Doing well
34.8,39.9,47.0,0,70,Doing well
36.5,31.8,16.8,0,50,I'm okay
16.1,49.6,26.8,1,82,Healthy
33.1,62.0,12.5,1,80,Healthy
43.4,49.9,62.8,0,85,Healthy
28.1,15.4,38.7,0,56,Doing well
53.1,10.8,86.9,0,47,I'm okay
54.6,89.5,89.9,0,52,I'm okay
23.3,76.7,44.2,1,100,Perfect
29.4,94.6,59.2,0,65,Doing well
14.1,71.5,94.6,0,67,Doing well
16.2,40.8,84.7,0,67,Doing well
23.8,45.2,14.1,0,65,Doing well
14.1,43.2,77.2,1,91,Perfect
14.0,60.2,31.0,1,82,Healthy
32.2,85.5,74.9,1,85,Healthy
39.2,48.6,79.4,1,100,Perfect
34.5,29.0,36.9,1,71,Doing well
15.5,32.7,61.3,1,76,Healthy
11.7,88.4,38.2,1,67,Doing well
25.2,35.8,45.0,1,85,Healthy
30.3,37.8,88.9,0,61,Doing well
35.0,21.1,60.1,1,80,Healthy
30.2,40.5,34.1,0,76,Healthy
24.7,67.7,46.3,1,100,Perfect
47.8,41.2,61.9,0,76,Healthy
7.9,10.4,87.9,0,36,Struggling
23.2,11.6,5.3,1,60,Doing well
30.6,39.6,87.6,0,61,Doing well
8.1,28.0,38.2,0,36,Struggling
11.6,89.7,19.9,0,41,I'm okay
9.1,11.9,52.3,0,45,I'm okay
34.8,94.8,16.0,0,45,I'm okay
20.8,11.3,87.7,1,71,Doing well
8.2,87.7,5.2,1,45,I'm okay
48.2,74.1,5.3,0,56,Doing well
37.8,18.9,66.2,1,80,Healthy
47.8,90.1,36.1,0,47,I'm okay
45.0,78.5,50.1,0,85,Healthy
38.4,44.2,57.1,0,85,Healthy
49.4,23.7,33.0,1,62,Doing well
24.7,18.1,25.5,0,56,Doing well
48.0,81.1,40.2,0,61,Doing well
38.5,38.9,43.9,0,70,Doing well
39.8,38.9,35.8,0,61,Doing well
13.6,83.9,36.3,0,52,I'm okay
46.0,90.7,86.1,1,62,Doing well
13.8,67.1,62.8,0,76,Healthy
44.2,64.5,8.7,1,80,Healthy
14.5,83.6,43.2,0,61,Doing well
17.5,73.9,42.7,0,76,Healthy
7.7,48.7,62.7,0,65,Doing well
34.6,65.9,42.6,1,100,Perfect
27.5,75.9,18.8,1,80,Healthy
25.7,28.1,12.4,0,45,I'm okay
5.5,86.3,36.0,1,56,Doing well
33.0,64.1,8.6,0,65,Doing well
42.8,91.3,74.0,0,65,Doing well
31.5,80.9,15.2,1,65,Doing well
23.5,48.8,58.3,0,85,Healthy
5.4,76.5,87.6,0,56,Doing well
16.0,88.2,12.8,0,41,I'm okay
34.7,35.5,63.9,1,85,Healthy
26.3,31.5,54.9,0,70,Doing well
48.8,22.0,63.4,0,56,Doing well
40.1,48.4,81.8,1,91,Perfect
52.3,86.5,93.9,0,52,I'm okay
54.5,31.2,81.2,1,67,Doing well
28.8,91.7,48.7,0,65,Doing well
40.0,79.1,69.3,1,100,Perfect
27.2,10.6,45.2,1,80,Healthy
33.0,21.0,17.5,0,45,I'm okay
7.6,68.7,68.7,1,80,Healthy
50.2,77.6,38.2,0,67,Doing well
8.3,89.1,12.2,0,30,Struggling
16.0,94.7,80.4,0,47,I'm okay
23.8,23.6,87.7,0,56,Doing well
51.5,10.2,13.4,0,36,Struggling
21.4,51.0,65.5,1,100,Perfect
41.7,82.3,18.4,0,50,I'm okay
5.8,71.4,78.4,0,65,Doing well
37.0,69.3,88.5,0,76,Healthy
22.3,69.0,82.3,1,91,Perfect
54.3,86.7,21.8,0,52,I'm okay
51.2,50.4,58.9,0,76,Healthy
44.9,56.9,49.0,0,85,Healthy
14.0,71.2,80.4,0,67,Doing well
21.6,88.0,24.7,0,61,Doing well
5.4,57.5,32.8,1,71,Doing well
24.8,76.3,34.6,0,76,Healthy
48.0,89.5,92.0,1,67,Doing well
27.0,25.9,48.8,0,65,Doing well
21.9,57.9,8.3,0,65,Doing well
53.5,77.5,23.7,0,67,Doing well
40.6,71.3,16.3,0,65,Doing well
21.5,30.1,88.6,1,76,Healthy
9.1,67.7,22.9,1,71,Doing well
37.0,45.9,18.8,1,80,Healthy
31.8,30.8,15.0,1,65,Doing well
34.5,51.9,38.6,1,91,Perfect
34.6,20.4,51.8,1,80,Healthy
29.8,64.2,30.5,0,76,Healthy
48.8,31.0,75.0,0,61,Doing well
45.5,42.3,15.6,0,56,Doing well
5.1,45.5,7.3,1,60,Doing well
49.6,62.4,77.4,0,76,Healthy
48.8,67.0,8.4,0,56,Doing well
18.1,65.4,88.2,0,67,Doing well
34.1,75.2,31.5,1,91,Perfect
10.6,50.2,55.2,1,91,Perfect
41.6,84.3,51.7,1,85,Healthy
50.3,59.0,43.8,0,76,Healthy
39.6,48.2,27.9,1,91,Perfect
29.6,20.6,8.5,1,60,Doing well
25.7,45.4,93.2,0,76,Healthy
19.4,45.0,65.9,1,91,Perfect
36.7,14.0,64.2,0,65,Doing well
36.6,58.2,94.1,1,91,Perfect
39.4,28.6,90.3,1,71,Doing well
11.5,45.1,44.3,1,91,Perfect
29.0,27.6,11.9,0,45,I'm okay
19.4,40.5,67.0,1,91,Perfect
9.5,17.1,21.3,0,36,Struggling
37.1,58.5,10.3,1,80,Healthy
34.5,32.7,20.4,0,61,Doing well
48.3,81.5,80.3,0,52,I'm okay
12.2,52.7,21.1,1,82,Healthy
53.1,33.4,74.7,0,61,Doing well
40.1,94.8,45.7,1,80,Healthy
5.4,41.0,28.9,0,56,Doing well
24.4,94.5,47.5,1,80,Healthy
43.2,93.2,62.9,0,65,Doing well
6.9,84.8,70.8,0,50,I'm okay
35.7,69.7,86.9,0,76,Healthy
29.8,30.8,84.2,1,76,Healthy
36.8,63.5,78.0,1,100,Perfect
16.5,18.4,81.6,0,47,I'm okay
54.7,44.6,61.4,1,91,Perfect
6.0,73.1,22.2,0,56,Doing well
35.7,64.8,76.3,1,100,Perfect
30.3,79.3,62.8,0,85,Healthy
33.0,80.0,64.4,0,85,Healthy
9.3,82.2,64.2,1,65,Doing well
18.1,35.1,91.2,0,52,I'm okay
9.9,64.8,22.1,1,71,Doing well
16.1,91.6,14.2,0,36,Struggling
26.8,83.3,41.7,1,85,Healthy
21.7,42.0,52.7,1,100,Perfect
39.9,16.3,33.8,1,71,Doing well
16.1,26.1,59.4,1,71,Doing well
40.9,32.8,18.9,1,65,Doing well
41.6,11.7,63.8,0,65,Doing well
23.8,12.2,82.1,0,56,Doing well
17.2,77.5,88.5,0,67,Doing well
30.2,17.1,67.5,0,65,Doing well
54.3,55.6,39.1,0,67,Doing well
20.3,72.7,15.5,0,65,Doing well
31.9,83.9,94.9,1,76,Healthy
48.1,16.4,59.9,1,71,Doing well
18.2,24.7,66.9,1,71,Doing well
54.7,38.5,29.6,0,52,I'm okay
18.4,63.2,34.6,0,67,Doing well
45.9,37.0,34.7,1,67,Doing well
31.4,35.5,23.9,1,76,Healthy
8.8,81.9,33.0,0,41,I'm okay
30.0,82.2,8.9,0,50,I'm okay
31.9,72.9,15.5,0,65,Doing well
40.4,82.0,14.8,0,50,I'm okay
25.8,73.3,69.0,0,85,Healthy
15.7,62.9,71.3,1,91,Perfect
6.8,82.3,44.7,1,65,Doing well
46.1,88.5,18.2,0,41,I'm okay
45.0,42.6,23.7,0,76,Healthy
34.0,91.9,36.8,1,71,Doing well
53.0,68.3,35.6,1,82,Healthy
9.5,14.3,65.8,0,45,I'm okay
33.2,33.2,85.8,0,61,Doing well
53.7,35.5,31.9,1,67,Doing well
29.0,23.4,16.2,0,45,I'm okay
5.0,26.4,79.5,1,60,Doing well
53.2,61.7,80.2,0,67,Doing well
8.5,13.2,7.3,1,40,I'm okay
20.5,80.3,74.4,0,70,Doing well
51.5,44.2,47.1,1,91,Perfect
44.1,43.5,7.4,0,65,Doing well
43.2,78.1,61.9,1,100,Perfect
17.1,23.8,15.4,1,51,I'm okay
14.7,88.4,39.0,0,52,I'm okay
23.8,72.8,24.3,0,76,Healthy
29.7,23.2,84.7,0,56,Doing well
48.4,32.3,24.8,0,52,I'm okay
43.5,89.8,53.7,1,85,Healthy
42.2,22.2,12.8,0,45,I'm okay
20.9,64.0,15.0,0,65,Doing well
52.7,20.7,8.7,0,36,Struggling
13.9,31.4,88.9,0,52,I'm okay
32.8,55.2,13.4,1,80,Healthy
29.3,75.3,40.6,1,100,Perfect
46.5,17.9,74.0,1,71,Doing well
30.0,93.4,17.1,0,45,I'm okay
6.9,29.6,67.8,0,45,I'm okay
21.8,31.1,50.9,0,70,Doing well
35.6,91.0,16.8,1,60,Doing well
32.0,80.6,10.7,1,65,Doing well
47.8,62.0,76.3,1,91,Perfect
25.7,31.5,68.4,0,70,Doing well
9.0,39.7,7.8,1,45,I'm okay
40.8,24.6,28.5,0,56,Doing well
54.8,12.5,17.1,1,51,I'm okay
42.2,84.8,51.9,1,85,Healthy
38.0,28.7,81.2,0,56,Doing well
10.3,33.3,42.9,0,61,Doing well
41.8,78.4,29.5,1,91,Perfect
46.3,54.5,79.7,1,91,Perfect
46.1,92.6,55.5,1,71,Doing well
12.7,28.3,59.1,1,71,Doing well
38.0,39.1,31.9,1,76,Healthy
42.9,20.2,45.0,0,65,Doing well
47.1,77.9,20.8,1,82,Healthy
12.3,42.0,18.9,0,56,Doing well
52.8,32.7,23.4,0,52,I'm okay
10.1,63.8,93.2,1,82,Healthy
25.0,83.6,51.5,0,70,Doing well
39.5,70.9,71.0,1,100,Perfect
28.0,77.6,35.1,1,91,Perfect
38.9,51.8,5.3,0,65,Doing well
6.9,62.4,71.8,1,80,Healthy
37.1,87.7,60.2,0,70,Doing well
47.7,93.7,15.7,1,51,I'm okay
18.5,59.0,31.9,0,67,Doing well
38.5,35.3,34.1,0,61,Doing well
36.4,36.2,26.4,1,76,Healthy
30.0,67.4,18.0,1,80,Healthy
16.7,11.7,71.7,1,71,Doing well
9.4,57.9,54.8,1,80,Healthy
44.8,57.3,52.9,0,85,Healthy
35.4,20.9,36.7,1,71,Doing well
46.3,27.4,83.5,1,62,Doing well
38.8,31.9,39.1,0,61,Doing well
16.9,65.5,33.5,0,67,Doing well
16.6,69.9,79.9,0,76,Healthy
53.7,36.8,64.1,1,76,Healthy
23.5,42.2,27.0,1,91,Perfect
20.6,81.7,25.7,1,76,Healthy
11.6,38.9,28.4,0,52,I'm okay
29.3,87.6,83.5,1,76,Healthy
15.3,34.8,61.6,1,76,Healthy
48.9,40.7,21.1,0,67,Doing well
29.0,52.2,88.7,1,91,Perfect
33.8,58.2,26.5,1,91,Perfect
27.0,48.8,58.2,0,85,Healthy
29.5,42.0,35.4,0,76,Healthy
14.5,65.3,91.2,1,82,Healthy
39.6,63.9,19.6,0,65,Doing well
41.4,59.9,39.3,0,76,Healthy
19.4,90.3,40.5,1,71,Doing well
22.4,37.6,42.8,1,85,Healthy
30.5,94.9,26.5,0,56,Doing well
19.0,30.1,91.1,0,52,I'm okay
24.3,38.6,42.6,1,85,Healthy
52.0,26.3,37.9,0,47,I'm okay
9.0,76.3,25.1,1,71,Doing well
9.9,62.6,54.3,1,80,Healthy
10.0,14.0,18.6,1,51,I'm okay
31.3,81.3,17.6,0,50,I'm okay
8.4,47.9,93.5,1,71,Doing well
38.6,52.3,21.6,0,76,Healthy
12.9,29.6,54.5,0,56,Doing well
54.3,86.9,34.0,1,67,Doing well
26.4,88.9,87.0,0,61,Doing well
20.3,41.3,76.1,0,85,Healthy
31.3,10.1,44.4,0,65,Doing well
8.4,51.7,65.1,1,80,Healthy
47.4,48.3,82.6,1,82,Healthy
28.9,64.6,52.8,0,85,Healthy
37.3,68.5,91.8,0,76,Healthy
38.3,38.5,49.6,1,85,Healthy
19.8,94.1,63.5,1,71,Doing well
17.5,78.8,54.2,0,76,Healthy
28.2,77.1,46.6,1,100,Perfect
10.6,67.6,59.1,1,91,Perfect
38.6,52.2,70.5,1,100,Perfect
52.3,13.3,36.1,1,62,Doing well
36.1,68.4,49.7,0,85,Healthy
12.9,39.4,77.9,1,76,Healthy
45.5,22.5,35.6,1,62,Doing well
24.8,57.5,81.8,0,76,Healthy
42.8,47.5,50.9,1,100,Perfect
30.5,87.8,71.5,1,85,Healthy
46.7,21.3,12.0,1,51,I'm okay
18.1,81.2,23.6,1,67,Doing well
45.3,47.2,73.2,0,76,Healthy
37.8,82.6,24.7,0,61,Doing well
48.1,45.0,42.6,1,91,Perfect
6.9,18.2,25.3,1,51,I'm okay
12.4,14.7,45.5,1,71,Doing well
52.9,72.7,59.4,1,91,Perfect
44.7,27.3,87.1,1,71,Doing well
15.4,69.4,14.6,1,71,Doing well
17.6,55.1,7.3,1,71,Doing well
29.1,50.6,32.6,0,76,Healthy
43.3,51.1,70.7,0,85,Healthy
42.4,32.0,73.3,0,70,Doing well
31.0,73.3,34.0,1,91,Perfect
46.7,42.2,29.2,0,67,Doing well
28.3,30.0,58.6,0,70,Doing well
28.4,93.2,42.5,1,80,Healthy
43.4,88.6,71.6,1,85,Healthy
38.8,17.7,81.3,0,56,Doing well
31.2,65.9,71.2,0,85,Healthy
50.5,62.0,32.7,0,67,Doing well
50.5,73.8,22.7,1,82,Healthy
29.1,57.4,68.6,0,85,Healthy
7.5,85.0,85.2,1,56,Doing well
5.1,57.0,31.5,0,56,Doing well
42.2,46.1,39.5,0,76,Healthy
19.7,51.2,75.4,0,76,Healthy
31.3,10.3,94.9,1,71,Doing well
53.8,25.8,27.9,0,47,I'm okay
53.9,74.6,17.9,1,71,Doing well
15.8,85.4,59.1,0,61,Doing well
30.5,55.9,43.0,0,85,Healthy
12.8,22.0,45.3,1,71,Doing well
10.2,82.9,55.8,0,61,Doing well
53.2,60.7,88.3,0,67,Doing well
49.4,83.7,89.4,0,52,I'm okay
46.5,45.3,90.6,0,67,Doing well
41.5,78.1,81.9,0,76,Healthy
54.5,87.1,21.4,0,52,I'm okay
5.0,61.8,61.4,0,65,Doing well
26.9,40.7,59.0,0,85,Healthy
32.4,34.8,57.0,0,70,Doing well
27.7,41.2,48.2,0,85,Healthy
12.3,88.6,71.3,1,76,Healthy
22.0,80.0,25.5,1,91,Perfect
45.3,35.6,90.5,0,52,I'm okay
34.2,19.7,92.6,1,71,Doing well
16.1,65.2,63.5,1,91,Perfect
18.5,42.0,49.5,0,76,Healthy
7.0,48.3,42.6,0,65,Doing well
27.2,11.4,33.7,1,71,Doing well
49.1,86.6,6.0,1,56,Doing well
39.2,55.6,26.4,0,76,Healthy
32.0,86.7,53.8,1,85,Healthy
13.2,72.4,14.8,1,71,Doing well
22.3,11.2,8.9,1,60,Doing well
41.6,90.7,79.3,0,65,Doing well
14.6,66.3,68.1,0,76,Healthy
28.7,43.3,78.8,1,100,Perfect
32.7,73.5,35.1,0,76,Healthy
9.3,26.8,79.2,1,60,Doing well
22.0,17.0,64.0,1,80,Healthy
26.5,51.1,89.1,0,76,Healthy
27.2,62.8,33.6,1,91,Perfect
20.6,28.1,17.8,0,45,I'm okay
46.8,57.0,26.8,0,67,Doing well
36.0,67.5,57.5,1,100,Perfect
6.2,78.5,50.8,1,80,Healthy
42.3,75.3,19.7,0,65,Doing well
15.3,20.5,36.1,1,62,Doing well
28.5,58.1,77.4,0,85,Healthy
9.9,93.1,51.3,0,45,I'm okay
48.2,17.3,81.4,0,47,I'm okay
43.3,91.8,37.3,1,71,Doing well
49.2,17.4,78.5,0,56,Doing well
20.6,70.3,69.6,1,100,Perfect
44.6,30.8,54.8,1,85,Healthy
32.5,27.6,14.8,0,45,I'm okay
24.4,84.9,46.6,1,85,Healthy
36.1,77.5,28.3,1,91,Perfect
17.5,79.0,77.7,1,91,Perfect
38.6,27.2,55.8,0,65,Doing well
10.2,62.1,13.9,0,56,Doing well
35.5,19.5,72.3,1,80,Healthy
48.6,80.7,61.5,0,61,Doing well
47.9,14.1,40.2,0,56,Doing well
10.4,33.2,10.6,0,41,I'm okay
38.7,78.1,63.6,0,85,Healthy
15.4,41.3,39.9,1,82,Healthy
37.7,32.7,66.7,0,70,Doing well
51.4,34.3,80.2,0,52,I'm okay
16.2,41.8,92.6,0,67,Doing well
9.4,89.7,64.2,1,65,Doing well
40.3,49.2,68.1,0,85,Healthy
27.0,73.7,93.4,1,91,Perfect
32.5,54.5,37.6,1,91,Perfect
39.2,38.4,12.3,0,50,I'm okay
36.2,90.3,47.4,1,80,Healthy
45.2,74.1,63.7,1,91,Perfect
14.2,91.5,55.8,1,71,Doing well
23.3,52.5,6.0,1,80,Healthy
9.3,33.1,36.2,1,56,Doing well
22.2,92.1,6.2,1,60,Doing well
27.8,35.0,71.2,1,85,Healthy
12.9,57.9,47.7,1,91,Perfect
14.3,39.1,57.1,0,61,Doing well
35.1,27.1,59.6,1,80,Healthy
10.8,64.2,16.5,0,56,Doing well
40.3,72.5,21.8,0,76,Healthy
21.9,25.0,57.3,0,65,Doing well
48.8,66.2,77.7,0,76,Healthy
8.0,39.0,9.6,1,45,I'm okay
44.8,73.5,60.3,1,100,Perfect
21.4,42.7,38.7,0,76,Healthy
40.1,77.5,11.5,1,80,Healthy
51.3,43.4,86.8,0,67,Doing well
21.2,56.0,71.0,0,85,Healthy
52.5,18.3,53.7,0,56,Doing well
11.0,62.0,76.3,0,76,Healthy
6.6,56.2,32.2,0,56,Doing well
27.2,27.7,85.6,0,56,Doing well
47.9,54.5,45.8,0,76,Healthy
36.5,94.0,9.4,0,45,I'm okay
27.0,50.5,46.1,1,100,Perfect
16.7,18.2,51.2,0,56,Doing well
9.0,80.4,53.5,1,65,Doing well
51.3,36.8,10.3,1,56,Doing well
20.6,21.7,72.1,0,65,Doing well
8.3,15.2,92.4,1,51,I'm okay
9.8,87.5,11.0,0,30,Struggling
22.9,27.6,19.3,0,45,I'm okay
53.4,63.8,47.5,1,91,Perfect
31.6,38.6,63.2,0,70,Doing well
12.3,53.2,36.6,0,67,Doing well
12.6,67.5,29.9,0,67,Doing well
21.2,22.5,59.6,0,65,Doing well
34.6,60.5,23.8,1,91,Perfect
30.5,38.3,93.8,0,61,Doing well
22.3,18.4,71.6,1,80,Healthy
19.7,62.4,61.1,0,76,Healthy
43.0,45.0,57.5,1,100,Perfect
40.5,71.4,61.4,0,85,Healthy
29.6,94.1,17.2,1,60,Doing well
41.1,94.6,22.3,1,71,Doing well
20.2,52.1,63.4,1,100,Perfect
53.5,11.3,34.0,0,47,I'm okay
10.0,91.9,82.1,0,47,I'm okay
43.6,45.4,47.8,0,85,Healthy
14.9,11.4,84.8,0,47,I'm okay
22.8,90.3,9.7,1,60,Doing well
38.9,48.4,38.5,1,91,Perfect
22.8,20.5,30.4,0,56,Doing well
15.0,62.6,49.3,0,76,Healthy
8.9,39.9,55.8,0,50,I'm okay
10.2,23.4,85.2,0,47,I'm okay
35.5,25.2,33.7,0,56,Doing well
19.2,62.1,42.0,0,76,Healthy
35.4,21.9,71.9,0,65,Doing well
40.8,20.2,91.6,1,71,Doing well
21.6,21.9,79.8,0,65,Doing well
7.8,31.9,27.4,1,56,Doing well
36.9,57.9,17.4,1,80,Healthy
35.5,67.6,24.9,0,76,Healthy
41.5,52.7,60.4,1,100,Perfect
24.5,80.5,61.0,0,70,Doing well
54.4,89.6,89.6,1,67,Doing well
22.3,78.7,12.0,1,80,Healthy
6.0,50.6,43.3,0,65,Doing well
32.3,56.9,57.7,1,100,Perfect
20.5,26.3,9.2,1,60,Doing well
18.6,79.6,69.2,1,91,Perfect
48.5,70.1,71.0,0,76,Healthy
35.7,35.6,47.9,0,70,Doing well
17.9,10.1,5.7,0,36,Struggling
31.6,13.6,60.5,0,65,Doing well
22.5,32.2,8.7,1,65,Doing well
53.1,55.7,87.4,1,82,Healthy
27.3,13.6,47.9,0,65,Doing well
53.0,14.5,28.4,0,47,I'm okay
39.4,46.1,65.4,1,100,Perfect
6.2,35.8,34.7,0,41,I'm okay
48.7,58.5,87.0,0,67,Doing well
39.8,61.2,85.7,1,91,Perfect
34.2,76.9,32.1,0,76,Healthy
