temperature,humidity,soil_percent,light_status,health_score
25.5,56.5,88.7,1,91
33.9,39.3,54.7,0,70
30.4,50.1,12.9,1,80
20.0,59.4,74.6,0,85
15.0,33.9,28.3,1,67
28.9,82.9,46.3,1,85
34.7,48.5,34.6,0,76
25.8,81.3,13.3,0,50
34.5,31.2,49.1,0,70
33.5,58.6,50.5,1,100
18.8,72.5,27.8,0,67
16.2,46.3,79.3,0,76
28.3,35.6,69.2,1,85
28.1,52.0,80.2,0,76
21.7,60.7,94.7,0,76
23.6,54.3,87.4,0,76
26.9,55.9,45.9,0,85
16.9,53.0,82.2,0,67
26.7,31.2,14.6,1,65
22.6,66.9,52.0,0,85
21.1,39.5,36.2,1,76
21.9,33.8,50.7,0,70
27.4,83.5,29.9,0,61
29.9,54.7,40.9,1,100
16.4,40.9,19.1,1,71
31.7,80.1,91.7,1,76
33.1,81.5,91.4,0,61
26.9,46.5,79.0,0,85
33.5,40.4,63.9,1,100
28.0,86.6,47.3,0,70
26.3,52.2,54.2,0,85
31.2,81.9,71.2,0,70
15.1,58.8,18.3,1,71
24.0,32.6,69.2,1,85
23.9,60.9,8.2,1,80
29.2,73.0,76.1,0,85
21.2,67.4,87.3,0,76
17.7,57.2,84.5,1,82
25.8,33.5,14.6,1,65
31.2,71.6,21.1,1,91
24.2,47.5,86.4,0,76
33.3,67.3,37.4,0,76
35.0,86.7,27.7,0,61
26.0,68.8,29.4,0,76
15.4,82.0,73.4,0,61
31.7,82.6,13.1,1,65
33.6,80.2,14.5,1,65
29.0,33.7,10.8,0,50
28.3,80.6,6.1,1,65
18.8,67.2,73.4,1,91
32.0,47.3,8.8,1,80
20.8,52.7,7.8,0,65
30.5,37.9,21.9,1,76
24.7,52.9,22.5,1,91
34.1,69.2,55.0,0,85
21.1,70.9,50.0,1,100
24.9,83.6,17.1,1,65
16.8,72.9,45.3,0,76
25.9,49.7,94.3,1,91
24.7,72.6,62.2,0,85
15.0,32.3,30.2,0,52
21.7,59.0,40.1,0,85
32.9,43.2,91.5,0,76
16.6,56.2,54.5,0,76
22.7,60.1,57.3,0,85
34.3,32.1,17.4,0,50
19.0,53.7,41.3,1,91
24.8,51.1,48.4,0,85
31.3,51.1,58.8,0,85
29.0,77.6,34.8,1,91
25.4,31.8,23.6,0,61
31.7,53.1,37.0,1,91
21.7,83.5,33.8,1,76
15.7,45.1,18.5,0,56
26.6,63.3,73.9,1,100
21.0,33.9,41.3,1,85
16.9,65.5,86.7,1,82
26.1,31.9,32.2,0,61
29.7,31.2,75.6,0,70
30.3,69.0,35.0,0,76
24.2,59.5,63.0,0,85
16.5,44.2,68.9,1,91
21.7,82.5,57.6,0,70
25.9,68.2,68.9,0,85
32.2,90.0,52.0,0,70
33.6,89.1,68.1,1,85
31.9,54.4,40.7,1,100
33.3,74.5,48.1,1,100
19.7,80.5,6.0,0,41
25.4,85.9,22.5,0,61
27.8,54.7,17.1,0,65
28.2,57.2,62.9,1,100
19.8,81.6,69.7,0,61
23.3,66.0,50.9,1,100
21.4,87.4,19.5,0,50
15.8,62.8,21.1,1,82
19.7,54.6,87.4,0,67
25.0,64.9,60.3,0,85
27.6,30.4,32.0,1,76
30.1,70.3,66.1,1,100
29.6,52.8,80.6,1,91
17.1,72.9,41.1,1,91
30.7,82.6,45.3,0,70
21.5,46.1,33.5,1,91
25.4,50.1,27.5,1,91
20.0,59.9,53.9,1,100
18.7,49.7,86.0,1,82
25.6,85.1,39.3,1,76
20.4,73.6,71.0,0,85
27.6,53.4,59.2,1,100
32.3,83.2,45.5,0,70
34.6,43.5,60.5,0,85
15.8,37.5,5.1,0,41
19.0,53.2,10.7,0,56
32.7,42.3,19.6,0,65
27.0,47.5,75.8,0,85
19.9,77.9,26.6,1,82
30.9,72.0,49.4,1,100
32.5,74.9,37.0,0,76
30.5,75.0,87.2,0,76
17.3,69.6,46.1,1,91
21.2,62.5,38.5,0,76
17.3,63.5,43.4,1,91
27.4,55.9,63.6,1,100
21.4,72.7,55.2,0,85
21.6,63.7,44.7,1,100
33.0,78.1,6.7,1,80
24.6,75.9,65.0,0,85
23.2,87.4,78.0,1,85
29.3,54.5,52.1,1,100
19.7,41.9,38.6,0,67
24.6,47.3,38.1,1,91
32.5,33.0,88.1,1,76
25.9,55.9,6.4,1,80
33.5,58.0,51.0,1,100
27.0,38.8,62.3,0,70
17.4,44.7,8.1,1,71
25.9,84.6,66.3,1,85
30.0,60.6,28.7,0,76
27.4,33.2,16.4,1,65
20.8,75.9,92.8,0,76
28.7,40.1,51.3,1,100
29.4,52.0,42.9,0,85
20.9,32.3,19.3,0,50
26.5,64.0,41.9,1,100
33.3,86.8,53.9,1,85
24.3,49.6,35.2,1,91
26.9,55.0,94.5,0,76
17.9,81.3,14.3,0,41
24.4,51.6,93.4,0,76
24.3,38.3,58.8,1,85
21.2,60.3,94.3,1,91
33.0,76.3,56.2,0,85
16.3,82.7,8.5,1,56
32.3,46.4,73.2,0,85
27.6,48.7,65.8,0,85
18.2,79.6,41.1,0,76
21.1,81.9,41.9,0,70
17.3,87.6,73.8,1,76
27.5,74.6,57.7,0,85
29.4,38.1,55.4,1,85
23.6,44.1,10.0,1,80
17.1,33.1,75.8,1,76
24.9,68.2,70.2,0,85
32.1,57.1,78.4,1,100
25.2,85.5,82.7,1,76
20.0,39.3,33.5,0,61
18.0,36.5,51.5,1,76
33.8,66.9,6.3,0,65
16.4,57.7,20.5,1,82
30.2,38.8,19.0,0,50
25.4,46.7,66.4,1,100
23.7,50.6,52.5,0,85
29.9,67.1,90.0,0,76
17.4,73.6,15.5,1,71
24.0,50.2,38.5,0,76
31.2,52.7,20.8,0,76
22.2,40.7,55.9,1,100
21.9,65.3,36.8,0,76
29.3,50.4,36.6,1,91
24.1,59.7,94.3,1,91
24.1,45.1,10.5,1,80
32.4,63.0,53.1,0,85
26.0,89.4,93.1,1,76
19.2,82.0,42.2,0,61
34.2,33.0,75.5,1,85
15.5,54.8,48.6,1,91
31.4,51.2,65.0,1,100
33.2,75.8,68.6,0,85
24.1,78.0,29.8,1,91
29.5,78.5,16.6,1,80
30.0,67.2,50.0,0,85
31.1,37.9,48.0,1,85
26.8,68.7,89.5,0,76
22.3,33.7,9.6,0,50
30.5,72.2,21.0,1,91
15.3,61.9,16.3,0,56
32.4,45.4,25.3,1,91
25.7,75.1,41.6,0,85
24.6,70.1,87.2,1,91
29.4,42.3,65.2,1,100
26.3,88.2,46.1,1,85
28.7,77.0,88.2,0,76
27.6,76.5,10.2,1,80
31.0,49.0,81.4,0,76
23.6,45.1,40.3,1,100
33.9,77.8,56.9,0,85
32.6,88.6,56.0,1,85
16.5,80.7,46.6,0,61
25.6,33.4,64.7,1,85
28.9,74.5,5.4,1,80
23.2,58.9,79.1,1,100
17.3,40.2,50.8,0,76
22.7,54.2,24.7,1,91
30.4,43.8,7.0,1,80
17.1,83.1,15.6,0,41
15.8,42.4,71.5,1,91
17.3,33.8,83.2,1,67
31.5,42.5,49.3,1,100
33.9,80.8,67.9,1,85
34.6,87.2,69.8,0,70
33.4,75.3,66.1,1,100
16.8,69.9,42.0,0,76
18.2,52.7,5.2,0,56
15.3,30.6,49.3,0,61
23.5,78.3,86.9,0,76
30.8,63.5,69.5,0,85
34.4,78.9,29.6,0,76
34.3,69.1,47.7,0,85
21.8,46.3,73.1,0,85
25.0,64.7,64.9,1,100
27.7,67.4,66.4,1,100
28.7,83.9,74.6,0,70
34.4,51.5,59.2,1,100
21.4,77.5,56.6,0,85
21.7,36.8,79.6,0,70
17.3,61.5,92.7,1,82
30.9,46.2,28.8,1,91
22.2,73.5,32.9,0,76
22.4,35.0,81.4,1,76
33.0,72.8,22.4,0,76
18.1,59.4,72.3,0,76
22.6,85.6,28.9,0,61
32.3,40.2,58.7,0,85
34.7,88.9,44.1,0,70
15.7,81.3,87.3,0,52
27.0,59.1,42.9,0,85
21.5,46.0,90.5,0,76
18.3,32.4,54.5,0,61
24.4,60.3,91.9,1,91
34.3,53.1,37.3,0,76
26.9,85.9,84.3,1,76
26.9,69.5,31.2,0,76
19.7,81.7,46.1,1,76
32.0,88.4,17.7,0,50
24.4,35.6,59.8,0,70
21.0,51.5,55.2,1,100
25.2,76.2,16.6,0,65
20.4,73.9,43.9,0,85
25.9,78.9,28.8,1,91
28.1,87.6,70.5,1,85
25.4,37.5,13.2,1,65
33.2,48.2,35.7,1,91
35.0,87.1,70.2,1,85
20.1,50.4,10.9,1,80
32.2,88.4,85.1,0,61
21.5,42.2,10.6,1,80
31.6,82.5,33.6,0,61
34.9,68.0,22.3,1,91
15.4,55.6,27.5,1,82
27.6,65.0,18.3,0,65
20.9,37.4,69.5,0,70
23.2,35.0,67.2,1,85
25.6,36.6,58.7,0,70
23.3,80.6,32.5,0,61
21.2,69.2,27.6,1,91
29.0,42.3,62.2,0,85
24.8,68.5,49.0,0,85
25.5,67.0,79.4,1,100
34.4,34.1,23.7,0,61
24.3,33.7,38.8,1,76
27.1,57.7,84.3,1,91
18.0,51.1,64.8,0,76
31.9,63.0,82.8,0,76
24.7,38.5,22.4,0,61
23.0,62.3,75.1,0,85
25.5,67.4,39.9,0,76
28.4,35.6,7.5,0,50
23.6,49.6,62.3,1,100
30.8,41.3,51.0,1,100
20.7,37.9,87.5,0,61
21.9,66.8,79.0,1,100
23.5,81.0,16.2,0,50
16.8,90.0,64.8,0,61
19.5,80.8,43.4,0,61
28.5,40.4,31.4,1,91
24.0,31.5,26.8,1,76
21.6,70.1,31.4,1,91
28.4,76.0,49.0,1,100
21.7,32.9,36.2,1,76
17.5,33.1,85.8,1,67
26.0,87.4,77.4,1,85
31.1,30.3,51.1,0,70
27.7,81.5,73.2,1,85
24.8,47.6,21.4,0,76
33.0,53.1,67.3,1,100
30.5,72.8,83.2,1,91
33.2,80.3,58.5,0,70
22.2,54.9,27.3,0,76
33.5,35.4,27.2,0,61
29.0,40.0,18.0,0,65
23.0,59.4,7.9,0,65
26.8,88.9,7.1,1,65
19.1,34.5,32.0,1,67
27.5,64.8,86.0,0,76
15.2,65.5,15.1,1,71
31.9,62.0,64.0,0,85
25.3,54.1,94.2,1,91
27.4,35.4,18.9,1,65
28.6,33.8,6.6,1,65
25.6,30.6,13.5,0,50
32.2,36.8,47.7,0,70
30.3,33.4,93.5,0,61
17.1,67.4,56.9,0,76
27.3,33.9,51.7,1,85
27.3,41.8,94.3,0,76
17.9,67.1,39.2,0,67
23.2,47.2,23.2,0,76
29.9,31.2,43.6,0,70
18.5,63.4,80.5,1,82
30.2,37.2,32.1,0,61
28.5,85.5,16.2,1,65
30.8,89.3,77.3,1,85
33.7,85.4,63.3,0,70
29.6,74.1,29.8,0,76
16.1,74.1,29.2,1,82
20.1,87.5,59.4,1,85
24.2,74.5,46.1,1,100
30.8,69.4,34.7,0,76
20.3,58.9,56.9,1,100
32.0,70.0,30.0,0,76
19.8,53.7,43.3,0,76
17.4,74.4,42.8,0,76
28.9,81.8,67.7,0,70
25.5,74.7,58.5,1,100
18.5,67.2,65.1,1,91
32.4,80.6,36.9,0,61
30.3,72.3,57.0,0,85
22.3,75.0,44.3,1,100
25.4,85.8,82.1,1,76
15.2,62.6,20.0,0,67
18.3,45.3,6.9,1,71
16.5,58.9,55.9,1,91
32.5,72.1,77.1,1,100
17.6,47.9,61.8,0,76
32.2,46.8,25.8,1,91
32.5,34.6,9.3,1,65
24.2,85.8,33.6,1,76
29.4,62.5,93.3,0,76
17.3,86.9,52.5,0,61
19.1,35.1,58.7,0,61
31.5,82.2,76.8,0,70
22.9,33.8,59.5,1,85
25.4,80.8,57.0,1,85
26.9,57.6,48.1,0,85
18.7,63.9,30.2,1,82
28.0,42.4,28.8,1,91
29.1,50.3,60.9,1,100
17.7,70.6,28.1,0,67
32.8,46.7,44.7,1,100
33.4,89.7,15.6,1,65
29.9,51.8,26.2,0,76
22.2,56.2,22.6,0,76
35.0,60.7,56.1,1,100
26.4,38.0,28.9,1,76
31.3,52.3,62.1,1,100
27.6,53.4,33.0,1,91
21.2,82.4,73.7,1,85
17.5,31.9,66.7,1,76
28.1,64.8,15.2,0,65
17.1,48.5,80.7,1,82
32.3,81.7,54.5,0,70
15.6,81.7,23.5,0,52
31.9,39.2,11.4,0,50
20.8,63.7,15.6,1,80
29.2,73.9,82.6,0,76
16.0,42.5,36.2,1,82
29.8,46.9,70.1,1,100
18.6,61.4,88.3,1,82
16.5,67.2,7.7,1,71
25.1,82.0,7.8,0,50
34.5,53.3,47.6,0,85
27.4,53.5,31.9,0,76
31.3,51.6,21.0,0,76
19.3,38.2,75.8,0,61
15.7,62.2,10.5,1,71
19.9,51.4,92.1,1,82
15.9,61.2,37.4,1,82
26.2,65.7,70.7,1,100
28.7,47.7,92.3,0,76
25.3,72.3,70.5,1,100
26.3,34.3,49.7,0,70
23.3,75.5,60.1,0,85
30.8,39.4,80.8,0,61
30.8,78.4,68.4,0,85
30.9,59.2,83.5,1,91
26.9,58.8,87.9,0,76
24.8,55.5,66.6,0,85
23.6,32.1,93.0,1,76
19.3,30.4,44.0,1,76
28.0,35.8,73.0,0,70
20.5,69.5,55.5,1,100
17.5,48.3,22.1,1,82
25.4,80.7,46.3,0,70
23.0,63.6,94.1,0,76
25.0,33.4,32.3,1,76
28.6,44.2,59.7,1,100
27.9,30.7,29.3,1,76
31.7,53.6,7.4,1,80
16.4,75.9,24.5,0,67
18.4,54.2,33.1,0,67
22.2,73.7,92.7,1,91
26.5,81.8,7.9,1,65
26.7,63.8,73.5,1,100
32.4,87.5,93.2,1,76
15.4,58.9,44.0,1,91
34.8,40.4,47.2,0,85
20.0,34.1,12.3,0,50
33.5,35.3,86.9,0,61
15.1,75.4,30.8,0,67
31.0,42.3,50.8,0,85
19.4,66.7,77.8,1,91
31.7,61.5,63.3,1,100
23.8,89.3,27.7,0,61
18.7,34.5,35.9,1,67
23.1,66.3,77.2,0,85
20.2,71.1,90.2,1,91
16.3,44.8,32.4,1,82
15.4,42.6,34.3,0,67
27.6,34.0,48.0,1,85
17.3,44.8,18.1,1,71
27.7,60.9,70.6,0,85
19.4,56.3,28.9,0,67
33.4,47.0,39.5,0,76
15.1,77.4,54.5,1,91
33.4,45.3,86.4,0,76
24.9,64.2,67.7,0,85
23.9,89.2,11.7,1,65
17.0,80.4,9.4,1,56
25.6,33.5,94.9,1,76
33.7,84.6,44.3,0,70
34.6,36.9,19.3,0,50
22.2,52.4,69.0,1,100
17.7,73.2,26.3,0,67
21.3,48.9,92.2,1,91
31.2,48.7,63.0,1,100
19.5,68.8,76.9,0,76
25.7,49.0,40.6,0,85
19.1,74.4,69.4,1,91
26.9,68.3,15.9,1,80
21.6,70.2,67.0,1,100
15.8,80.4,68.6,0,61
28.1,41.7,54.9,1,100
30.0,38.5,89.5,0,61
22.3,33.5,34.0,1,76
30.8,64.5,88.1,0,76
30.8,70.9,42.2,0,85
19.9,85.6,9.3,0,41
29.4,74.3,13.7,1,80
27.9,79.5,22.2,0,76
34.3,40.9,79.5,1,100
19.3,48.1,29.8,1,82
31.5,78.2,82.9,0,76
22.9,77.2,68.3,0,85
24.4,68.2,88.6,1,91
20.4,50.4,17.9,0,65
29.5,61.4,37.4,1,91
24.7,49.2,68.7,0,85
15.2,59.4,95.0,0,67
20.4,64.2,8.8,1,80
25.0,63.2,30.5,0,76
34.7,70.0,85.9,0,76
25.8,36.6,86.6,1,76
17.5,81.4,35.8,0,52
33.3,40.7,37.3,1,91
27.1,88.6,26.0,1,76
26.3,73.2,46.2,0,85
32.6,56.6,37.4,1,91
29.2,71.8,56.3,0,85
23.0,76.6,24.8,0,76
20.2,81.1,94.2,1,76
24.5,78.5,6.8,1,80
34.9,52.2,69.1,1,100
26.8,48.7,63.3,1,100
25.6,74.8,53.0,0,85
22.5,30.1,73.5,0,70
24.4,48.8,31.2,1,91
18.7,81.1,31.4,0,52
21.6,86.9,76.5,0,70
15.3,77.3,9.1,0,56
32.1,59.1,6.9,0,65
31.7,76.7,17.7,0,65
25.1,81.0,23.4,1,76
15.5,59.9,17.6,0,56
15.8,43.2,29.2,1,82
31.5,87.6,43.7,1,85
17.6,56.1,7.3,1,71
30.2,66.3,73.0,1,100
27.4,41.6,65.2,1,100
27.0,33.3,69.2,1,85
23.1,82.7,51.9,1,85
24.1,48.0,52.9,1,100
17.7,69.2,76.0,0,76
30.9,54.7,41.4,0,85
33.5,42.9,78.5,1,100
18.5,63.9,81.5,0,67
32.2,84.3,86.9,0,61
17.6,77.0,11.7,0,56
32.1,61.3,51.5,1,100
33.3,51.5,7.1,1,80
26.4,49.3,24.4,1,91
19.5,52.2,37.4,0,67
19.1,78.7,35.7,0,67
22.5,39.6,60.5,1,85
18.3,73.4,85.4,0,67
18.4,76.0,91.0,1,82
32.2,62.8,49.4,1,100
18.5,43.8,36.5,0,67
33.4,57.2,83.0,1,91
32.8,84.4,47.3,1,85
27.5,61.4,53.5,0,85
25.4,37.0,73.6,1,85
15.2,58.1,42.4,1,91
20.9,73.1,12.3,1,80
15.9,56.8,48.9,0,76
34.9,48.6,9.4,0,65
26.9,85.1,45.1,1,85
16.2,62.1,64.1,0,76
19.9,41.6,64.6,0,76
17.0,60.3,26.4,1,82
18.2,57.7,19.5,0,56
22.4,62.9,83.5,1,91
20.3,73.7,60.2,1,100
32.2,54.9,36.8,0,76
25.0,40.0,37.0,1,91
19.7,87.8,19.4,1,56
23.1,49.9,64.7,0,85
30.5,88.3,50.3,1,85
29.2,80.9,38.1,0,61
15.0,73.9,19.0,1,71
30.9,88.1,88.6,0,61
15.1,61.8,29.7,1,82
30.1,43.2,88.3,0,76
22.8,78.7,92.9,1,91
19.7,79.7,27.3,1,82
24.5,68.3,67.2,1,100
22.2,89.1,82.4,0,61
30.4,47.0,86.3,0,76
16.8,44.3,85.6,0,67
27.9,54.8,62.5,0,85
15.9,61.9,6.3,0,56
20.9,65.4,54.9,0,85
20.2,67.9,74.2,0,85
27.9,53.7,33.2,0,76
15.7,40.0,47.4,1,91
26.1,52.4,8.6,0,65
17.5,66.3,48.4,0,76
34.1,78.0,28.9,0,76
18.4,43.6,24.6,1,82
29.1,72.1,38.2,0,76
33.4,43.5,85.3,0,76
34.1,49.5,53.2,1,100
28.4,55.0,84.2,1,91
28.2,83.6,30.4,1,76
35.0,47.2,68.1,0,85
34.8,72.5,83.9,1,91
15.1,71.8,13.2,0,56
26.3,31.3,9.4,0,50
15.6,79.1,21.8,1,82
28.0,69.1,76.8,0,85
34.8,35.8,46.3,0,70
22.5,62.7,50.4,1,100
25.5,44.8,84.0,0,76
33.4,59.1,59.5,0,85
29.9,49.5,53.8,1,100
23.0,40.9,28.9,0,76
15.2,32.2,19.9,0,41
15.6,68.9,66.2,0,76
22.8,44.2,54.1,0,85
27.9,48.0,11.0,1,80
33.8,35.1,63.8,1,85
28.1,65.2,26.3,0,76
32.6,66.5,28.6,0,76
16.8,72.8,74.3,0,76
16.4,50.9,65.0,0,76
29.2,72.3,6.1,0,65
28.1,30.0,43.5,1,85
23.4,60.0,91.7,0,76
32.7,39.4,64.7,0,70
28.0,62.5,50.6,1,100
25.3,50.1,21.6,1,91
23.0,65.3,12.2,1,80
18.6,39.3,54.5,0,61
22.2,50.0,17.1,0,65
25.3,37.8,5.4,0,50
15.5,54.8,94.6,0,67
15.2,37.6,29.7,0,52
23.5,53.7,5.8,0,65
21.7,88.7,76.9,1,85
24.1,52.5,8.0,0,65
34.2,41.6,87.9,0,76
15.8,66.6,55.5,1,91
29.4,58.5,75.8,0,85
16.6,31.4,93.8,1,67
20.9,37.9,26.6,1,76
25.3,85.6,54.2,1,85
32.0,89.8,55.1,0,70
23.0,56.4,67.7,0,85
33.3,30.0,54.1,1,85
22.2,34.2,31.9,0,61
22.4,63.8,74.8,0,85
19.7,52.8,85.4,0,67
24.0,46.4,88.2,1,91
34.1,75.8,73.0,0,85
25.9,55.0,9.1,0,65
17.4,61.7,10.0,0,56
34.7,72.2,92.8,0,76
30.8,83.5,58.8,1,85
22.9,66.0,61.9,1,100
15.3,32.4,65.7,0,61
32.2,33.0,75.6,0,70
18.6,68.2,76.4,0,76
23.2,67.2,24.6,0,76
16.7,70.4,88.1,0,67
29.1,43.0,94.8,1,91
20.6,65.0,83.5,0,76
16.3,52.9,71.2,0,76
26.7,60.3,43.1,1,100
27.3,72.8,7.7,1,80
22.6,34.0,70.5,0,70
17.7,76.3,52.8,1,91
31.4,77.5,56.2,1,100
27.5,53.2,41.4,0,85
19.8,75.3,26.3,0,67
31.5,38.1,22.8,0,61
29.0,80.6,43.6,0,70
26.2,84.6,26.5,1,76
18.9,37.2,73.9,0,61
28.7,86.2,87.7,0,61
27.6,56.6,84.5,0,76
29.4,53.1,48.7,0,85
32.3,59.4,47.5,0,85
15.4,49.9,45.4,1,91
30.9,72.9,49.0,0,85
33.6,59.2,91.2,0,76
34.4,71.5,36.5,1,91
15.9,37.7,13.0,0,41
24.0,51.7,20.8,1,91
32.8,44.7,59.3,0,85
24.2,75.7,15.5,0,65
30.7,52.4,80.0,0,85
25.3,52.0,30.5,1,91
25.1,36.4,79.8,1,85
22.1,64.6,67.0,0,85
34.1,77.2,55.2,1,100
31.9,78.4,59.8,1,100
32.1,49.8,48.6,1,100
30.7,47.8,64.7,0,85
21.2,47.0,37.0,1,91
16.9,56.3,27.7,0,67
20.6,84.3,32.1,1,76
16.7,42.5,68.1,0,76
16.1,89.3,83.2,1,67
23.0,48.5,7.4,1,80
33.1,42.8,44.1,0,85
26.2,77.2,7.0,1,80
30.7,52.1,5.2,1,80
32.5,33.0,75.9,0,70
26.3,76.9,20.6,0,76
28.3,61.1,24.5,1,91
22.1,75.5,26.6,1,91
19.1,80.2,62.5,0,61
24.6,39.2,64.0,0,70
30.6,64.7,23.9,1,91
18.1,66.5,22.3,1,82
28.6,73.6,67.3,0,85
21.3,53.8,76.7,1,100
26.0,46.8,56.2,0,85
33.0,67.5,76.7,0,85
31.4,50.6,14.2,0,65
18.7,80.4,32.2,0,52
29.5,69.1,50.0,0,85
23.8,31.8,50.5,0,70
17.6,60.6,79.4,1,91
26.7,30.8,64.2,1,85
24.3,48.2,79.3,0,85
25.4,48.8,5.4,0,65
21.3,62.1,79.7,0,85
24.8,66.7,41.4,1,100
31.0,37.2,85.4,1,76
16.0,62.1,61.2,1,91
34.5,34.3,60.7,0,70
34.6,46.2,23.1,1,91
25.2,75.0,30.8,1,91
28.8,39.7,28.7,0,61
19.5,49.1,34.7,0,67
16.0,73.7,50.7,0,76
20.1,64.2,44.8,1,100
24.1,35.9,94.6,1,76
21.2,40.9,32.1,1,91
19.0,65.7,27.4,0,67
22.9,84.5,77.8,0,70
33.0,52.9,94.7,0,76
33.7,56.0,19.2,1,80
15.3,86.0,39.5,1,67
18.9,89.5,34.7,0,52
19.2,65.6,24.0,0,67
17.5,70.7,24.3,1,82
16.1,38.5,63.4,0,61
24.5,43.2,8.5,1,80
31.7,60.5,53.4,1,100
15.5,77.6,76.4,1,91
26.3,59.2,6.4,1,80
29.9,62.7,36.0,1,91
16.1,35.3,15.5,0,41
16.9,56.2,73.7,0,76
32.2,36.2,25.5,1,76
23.6,52.1,87.2,1,91
32.7,71.8,85.4,1,91
28.1,61.8,56.0,1,100
27.4,85.7,38.9,0,61
28.9,66.0,20.5,0,76
27.2,75.4,62.3,1,100
30.6,75.6,51.3,1,100
29.2,85.8,81.3,0,61
17.4,89.6,55.2,1,76
22.2,60.7,5.7,0,65
31.7,53.8,87.2,1,91
27.0,47.2,78.3,1,100
27.5,83.9,71.1,0,70
16.6,73.2,23.0,0,67
20.2,40.0,84.7,1,91
21.0,82.7,67.1,1,85
28.4,68.8,47.2,1,100
29.2,39.5,42.8,0,70
16.6,43.2,68.0,0,76
25.5,74.6,35.0,0,76
20.2,32.2,44.7,1,85
34.7,32.2,73.7,1,85
24.3,73.6,82.0,1,91
21.1,79.9,89.2,0,76
23.3,71.2,14.2,1,80
17.6,76.1,94.8,1,82
27.7,79.3,87.4,1,91
30.9,38.2,35.7,0,61
25.5,72.1,37.2,0,76
19.3,49.2,32.6,1,82
18.4,30.8,25.5,0,52
22.5,32.1,58.2,0,70
17.0,54.1,25.9,0,67
21.9,32.9,29.3,1,76
34.7,45.3,11.2,1,80
32.3,44.5,16.1,0,65
28.0,84.5,75.7,0,70
26.1,86.0,74.3,0,70
31.1,89.2,36.5,1,76
19.2,42.7,13.9,0,56
18.6,71.2,72.3,0,76
20.2,50.1,79.0,0,85
33.9,53.1,66.2,1,100
24.9,49.9,46.6,0,85
29.7,68.6,30.1,0,76
29.1,43.4,23.9,1,91
20.8,83.4,68.1,1,85
30.8,44.9,13.1,0,65
31.0,60.7,54.5,1,100
28.0,48.3,64.8,0,85
19.7,31.7,59.7,0,61
32.6,83.3,57.5,1,85
34.8,58.8,74.4,0,85
18.0,81.4,79.7,1,76
33.2,43.7,73.7,1,100
18.1,69.8,69.0,0,76
34.4,64.6,86.7,0,76
24.2,36.3,54.5,0,70
27.6,87.4,41.8,1,85
24.6,61.1,93.7,0,76
22.6,31.8,56.0,1,85
19.9,71.7,61.2,0,76
26.7,63.9,44.5,0,85
22.1,61.2,56.4,0,85
22.7,79.8,19.8,1,80
30.0,38.6,32.4,1,76
32.7,58.8,49.8,0,85
20.4,63.3,34.0,1,91
19.7,79.4,51.6,0,76
21.3,61.4,80.6,0,76
16.4,44.4,63.2,1,91
32.5,52.4,59.7,1,100
16.4,45.6,29.5,1,82
27.6,57.7,42.6,1,100
15.8,46.0,27.3,1,82
34.4,73.5,20.1,1,91
15.2,85.6,5.8,0,41
16.5,77.1,15.5,0,56
21.6,78.4,42.4,1,100
30.4,48.7,66.4,1,100
34.8,42.0,15.9,0,65
33.4,31.1,64.5,0,70
16.7,30.3,17.7,0,41
22.4,36.9,77.1,1,85
27.4,66.3,12.1,1,80
30.2,81.9,61.9,1,85
28.4,72.4,11.6,0,65
28.5,62.6,32.2,0,76
23.9,34.3,19.0,0,50
28.8,79.1,87.3,1,91
25.1,83.8,66.7,1,85
28.0,64.0,28.2,0,76
20.6,83.1,74.9,0,70
33.1,63.3,83.2,1,91
33.5,72.2,22.9,1,91
31.8,67.5,18.7,0,65
24.9,34.2,21.5,1,76
15.4,86.4,89.9,1,67
31.1,88.9,46.7,0,70
30.1,50.4,51.4,0,85
25.9,63.7,74.9,1,100
29.8,44.7,57.0,0,85
32.7,61.7,31.5,1,91
22.5,56.8,57.8,1,100
16.1,84.3,91.5,1,67
24.6,45.9,29.8,1,91
20.2,83.6,19.8,1,65
22.3,85.4,65.4,1,85
30.2,48.2,5.9,1,80
34.7,76.0,12.5,1,80
32.7,72.7,14.6,0,65
20.1,51.4,80.4,0,76
34.5,61.9,62.1,0,85
16.9,50.0,59.5,0,76
17.6,65.8,75.8,0,76
26.9,40.4,5.2,0,65
24.9,65.8,34.0,0,76
25.9,33.9,68.3,1,85
34.1,71.6,79.1,0,85
23.2,78.4,57.9,0,85
34.1,57.6,47.0,1,100
15.2,57.2,89.7,1,82
22.1,57.2,28.4,1,91
30.7,84.9,11.2,1,65
20.6,61.0,66.7,0,85
18.0,33.5,49.0,1,76
33.6,64.6,12.9,0,65
31.3,84.5,26.3,1,76
16.2,78.9,40.0,0,76
33.2,57.3,20.8,0,76
27.7,74.0,23.8,1,91
16.3,70.3,92.6,0,67
25.2,39.5,30.9,1,76
29.8,57.2,47.9,1,100
31.0,34.2,71.7,1,85
33.3,81.8,17.7,1,65
15.6,40.1,6.8,1,71
20.9,61.7,61.8,1,100
34.6,51.3,81.2,1,91
20.0,34.3,34.5,1,76
20.9,71.8,21.6,1,91
32.7,87.5,70.4,1,85
20.1,85.7,61.1,1,85
29.6,48.4,11.4,1,80
23.0,73.2,60.7,0,85
22.6,76.1,36.3,0,76
24.4,36.5,21.6,1,76
22.1,52.4,18.4,1,80
28.5,38.9,30.9,0,61
22.0,69.8,68.4,0,85
26.5,80.3,90.4,1,76
17.3,67.6,50.4,1,91
16.3,87.6,13.8,1,56
34.2,89.9,21.1,0,61
16.7,48.3,88.4,0,67
22.9,52.7,16.3,1,80
25.4,32.5,17.3,0,50
25.4,80.5,6.7,1,65
33.0,70.5,92.2,1,91
28.1,88.0,93.7,0,61
30.9,77.1,53.0,1,100
20.7,65.1,85.8,0,76
26.5,80.6,71.4,0,70
28.8,73.6,37.6,0,76
25.1,81.8,33.3,1,76
28.1,83.8,31.9,0,61
21.2,87.1,45.3,0,70
16.2,33.3,37.5,0,52
34.7,46.8,13.9,1,80
24.5,54.1,93.6,0,76
21.9,54.0,43.2,0,85
33.3,83.3,71.7,1,85
30.9,40.1,37.0,0,76
24.9,87.4,23.5,1,76
23.2,71.0,78.3,1,100
30.8,71.5,78.0,1,100
22.6,83.3,70.1,1,85
24.4,88.0,12.8,1,65
35.0,70.5,93.4,1,91
34.2,32.9,85.8,0,61
34.5,80.3,43.6,0,70
24.5,78.2,27.4,0,76
20.1,37.4,55.1,1,85
18.8,88.3,86.9,1,67
26.5,53.4,66.5,1,100
21.6,36.4,57.8,0,70
21.6,76.9,36.9,0,76
15.4,32.0,80.9,0,52
34.0,85.0,67.6,1,85
30.5,72.5,65.7,1,100
22.1,56.3,26.8,0,76
27.7,62.9,89.5,0,76
15.2,43.7,54.0,1,91
34.1,31.9,62.4,1,85
16.8,63.9,33.9,0,67
21.3,82.3,23.1,0,61
16.4,82.2,60.7,0,61
15.1,85.9,50.3,0,61
23.7,33.8,72.9,1,85
17.1,69.3,43.0,0,76
28.4,51.0,38.5,0,76
18.2,84.9,78.5,1,76
17.9,74.2,49.5,0,76
22.5,52.9,11.8,1,80
34.3,40.1,13.0,0,65
18.5,60.3,83.4,0,67
31.8,41.2,65.0,1,100
34.3,35.8,85.3,1,76
32.1,86.8,75.8,1,85
20.6,38.4,49.0,0,70
30.2,49.6,49.2,0,85
30.9,41.8,94.5,0,76
23.8,87.5,41.2,1,85
30.8,73.3,43.3,0,85
16.3,74.1,47.1,0,76
21.0,81.5,80.2,1,76
30.6,76.1,65.1,0,85
15.9,86.9,13.8,1,56
34.2,67.9,70.2,0,85
16.4,49.2,38.3,1,82
31.2,40.8,20.2,0,76
33.0,36.6,47.6,1,85
32.5,89.1,6.7,1,65
24.3,51.1,46.0,0,85
26.7,37.7,70.7,1,85
30.0,59.9,78.8,0,85
24.0,44.7,90.7,0,76
17.2,76.7,80.2,1,82
31.9,80.0,83.8,0,76
19.3,74.5,16.3,1,71
34.3,42.4,51.2,1,100
19.4,82.0,65.7,1,76
22.1,78.1,16.2,0,65
20.9,42.8,67.7,1,100
33.1,66.1,33.3,1,91
15.9,41.8,8.6,1,71
34.2,85.4,36.1,1,76
30.3,36.9,28.0,1,76
16.3,77.5,60.1,1,91
34.1,49.4,66.1,1,100
32.7,31.2,18.1,0,50
32.9,41.1,76.2,0,85
28.0,56.1,68.8,1,100
25.6,78.8,47.3,0,85
33.3,44.2,53.6,1,100
18.6,37.1,62.3,0,61
22.8,62.8,43.5,0,85
28.3,64.1,65.6,1,100
21.4,35.2,15.9,0,50
24.2,49.0,56.4,0,85
21.4,33.5,64.2,1,85
16.7,40.8,47.7,0,76
23.8,59.8,80.5,0,76
30.8,51.9,78.2,1,100
18.0,71.6,41.8,0,76
28.4,88.8,29.6,0,61
19.9,66.3,58.3,1,91
20.3,55.0,18.2,0,65
34.9,35.6,27.8,1,76
15.6,47.1,58.1,0,76
24.8,80.4,73.0,1,85
18.1,36.6,79.8,1,76
22.4,82.1,48.3,1,85
28.4,65.7,8.7,0,65
18.0,36.7,44.2,0,61
16.1,48.4,36.3,1,82
25.8,79.8,52.8,1,100
33.6,66.0,40.9,1,100
29.0,37.7,51.3,1,85
17.3,82.1,28.2,1,67
24.6,38.2,92.6,1,76
32.2,88.3,61.0,1,85
28.9,67.5,20.7,1,91
21.9,41.5,91.8,1,91
29.8,64.1,74.9,1,100
26.4,67.7,70.2,0,85
21.3,37.0,77.7,1,85
15.7,78.4,30.6,1,82
32.4,51.4,70.8,0,85
19.0,79.0,54.4,0,76
26.8,84.0,12.1,1,65
30.7,37.4,30.2,1,76
25.1,31.2,82.5,1,76
23.1,30.1,37.3,0,61
30.0,78.7,48.6,1,100
21.8,33.7,8.4,1,65
16.4,85.6,11.6,1,56
26.4,57.6,51.3,1,100
16.2,69.6,12.4,0,56
21.6,40.7,12.0,1,80
24.8,77.4,35.3,0,76
15.3,38.8,91.0,1,67
26.3,71.7,23.6,1,91
21.9,75.6,7.9,0,65
34.2,33.6,41.2,0,70
20.0,61.0,89.8,1,91
34.5,49.6,63.9,0,85
28.7,64.3,88.6,1,91
17.8,64.4,40.5,1,91
22.1,78.0,29.3,1,91
21.9,50.0,16.6,0,65
20.1,59.1,48.3,1,100
33.4,73.3,32.7,1,91
25.9,38.7,84.9,0,61
26.9,53.7,74.2,0,85
26.7,77.2,91.3,0,76
25.7,48.6,28.1,0,76
27.7,46.3,62.4,1,100
17.5,42.8,47.9,1,91
28.1,41.7,44.0,1,100
25.2,83.7,47.7,1,85
33.3,33.9,22.5,0,61
22.8,31.1,77.9,1,85
28.0,32.1,47.5,0,70
28.6,78.2,84.1,0,76
28.0,56.6,29.1,1,91
28.4,45.8,70.4,0,85
30.9,80.2,56.2,1,85
18.8,38.0,9.3,0,41
18.8,79.6,15.0,0,56
34.2,69.8,65.6,0,85
17.3,79.9,25.8,0,67
22.0,86.4,70.2,0,70
29.8,68.0,17.7,1,80
26.6,83.1,12.3,1,65
28.9,32.1,58.6,1,85
26.7,48.5,54.8,1,100
26.2,78.9,44.1,0,85
15.4,34.3,52.0,1,76
30.8,35.0,68.6,1,85
21.5,87.8,46.4,0,70
32.5,72.4,11.4,0,65
30.0,45.9,43.4,0,85
30.1,83.1,37.8,1,76
29.7,37.5,68.3,1,85
31.3,62.7,80.1,1,91
34.6,67.8,12.8,1,80
20.6,34.1,42.7,1,85
25.7,80.2,5.5,0,50
27.7,66.8,25.2,0,76
28.9,49.2,87.1,0,76
23.2,34.5,16.3,0,50
26.3,86.0,58.8,0,70
28.5,71.8,7.6,1,80
26.6,32.5,68.7,1,85
33.3,38.7,14.9,0,50
20.6,85.1,88.4,1,76
16.4,81.3,19.9,0,41
30.4,40.7,24.4,1,91
26.5,53.1,45.9,1,100
23.3,38.5,78.8,1,85
24.3,80.1,26.9,1,76
26.1,84.2,8.9,0,50
19.7,51.9,81.5,1,82
18.5,35.0,22.5,1,67
34.3,40.2,51.9,1,100
28.7,58.2,9.4,0,65
21.3,55.7,30.8,0,76
17.9,45.9,84.9,1,82
30.4,74.5,13.9,1,80
25.5,42.5,52.6,1,100
18.3,42.8,9.5,1,71
32.5,42.2,13.6,1,80
19.2,44.8,58.9,1,91
20.3,31.2,78.0,0,70
33.3,46.4,38.5,1,91
22.1,35.4,26.7,1,76
15.7,75.4,44.3,1,91
29.7,44.2,18.1,0,65
33.5,38.2,36.7,0,61
16.4,47.9,17.1,0,56
20.7,57.0,33.5,0,76
26.1,74.4,87.7,0,76
20.8,63.5,59.7,1,100
25.2,68.5,29.9,1,91
17.9,79.8,78.0,0,76
20.5,61.7,58.5,0,85
20.6,71.2,44.5,0,85
22.6,85.0,26.2,1,76
31.1,38.5,85.3,0,61
24.7,39.9,48.4,1,85
30.6,89.7,6.6,0,50
24.7,33.1,84.4,0,61
26.8,73.6,17.1,1,80
33.4,64.0,15.4,1,80
19.7,40.9,20.5,1,82
25.2,35.4,56.6,0,70
19.5,57.4,83.2,1,82
32.2,62.6,48.9,0,85
19.7,57.0,32.6,0,67
18.7,55.3,18.5,0,56
33.0,80.3,10.0,0,50
29.5,53.3,51.1,0,85
29.6,31.4,34.8,1,76
34.4,53.4,33.6,1,91
24.8,78.8,93.4,0,76
32.7,53.4,41.4,1,100
24.5,52.3,63.1,1,100
15.7,64.6,56.4,1,91
34.6,42.8,34.6,1,91
23.1,78.1,67.5,0,85
31.9,71.1,63.3,1,100
16.3,50.8,15.3,1,71
20.1,73.2,42.9,0,85
33.5,65.0,91.6,0,76
25.3,69.8,55.3,0,85
33.4,41.0,74.9,0,85
16.9,45.8,72.3,1,91
17.6,73.7,55.0,1,91
17.0,54.1,46.0,1,91
27.9,49.6,50.7,0,85
26.6,51.5,49.6,1,100
29.7,50.8,8.5,0,65
33.8,72.6,80.2,1,91
33.7,60.2,90.4,0,76
25.0,81.7,68.7,0,70
16.4,61.4,68.2,0,76
33.5,76.1,69.6,0,85
33.0,57.4,38.3,1,91
15.6,51.3,28.3,1,82
18.1,49.4,88.8,0,67
19.4,72.5,15.1,0,56
16.7,45.8,45.9,1,91
19.2,53.2,38.5,0,67
27.5,61.5,47.2,1,100
24.3,56.4,86.4,1,91
23.8,39.6,80.7,0,61
17.6,71.7,56.4,1,91
28.0,60.5,38.6,1,91
18.0,86.6,65.6,0,61
29.0,57.8,50.8,1,100
25.0,31.9,16.0,0,50
27.6,60.8,42.2,0,85
32.4,86.4,49.6,1,85
21.8,46.6,41.5,0,85
30.5,52.8,60.1,0,85
29.7,31.2,70.8,1,85
19.5,76.9,16.1,0,56
27.3,74.5,33.0,0,76
15.1,70.0,25.9,1,82
25.5,55.7,16.2,0,65
28.4,43.9,31.1,1,91
22.4,77.8,19.1,1,80
16.3,87.0,82.3,0,52
22.8,55.3,80.9,1,91
32.7,58.4,9.9,1,80
21.5,61.5,67.2,1,100
15.0,69.1,53.1,1,91
22.0,42.6,35.4,0,76
20.6,86.4,77.2,0,70
15.4,45.0,11.8,1,71
16.6,75.0,88.8,1,82
33.7,55.1,35.9,1,91
27.2,81.9,74.1,1,85
32.6,82.7,42.9,1,85
21.6,88.1,86.1,0,61
19.7,71.5,94.2,1,82
21.7,37.3,75.2,0,70
30.4,40.8,66.6,0,85
26.1,69.5,92.3,1,91
34.3,73.5,33.1,1,91
30.9,58.4,91.8,0,76
34.9,65.6,28.1,0,76
23.6,60.6,24.0,0,76
32.2,81.6,64.5,0,70
26.0,69.5,75.3,0,85
27.9,32.7,56.2,1,85
17.1,36.7,93.6,0,52
20.3,72.5,80.5,0,76
26.5,36.1,24.6,0,61
30.7,87.8,6.2,1,65
20.7,41.5,21.2,0,76
20.3,44.6,12.6,0,65
25.2,57.4,67.0,0,85
27.7,80.3,75.2,1,85
19.2,40.1,10.0,1,71
26.0,63.4,31.1,0,76
16.8,77.6,51.4,1,91
34.3,70.4,64.9,0,85
15.4,33.8,89.5,0,52
34.7,42.4,61.2,0,85
34.3,65.3,11.3,0,65
16.8,31.3,68.2,0,61
23.0,74.9,16.7,1,80
33.7,87.0,22.9,0,61
20.7,38.5,74.0,1,85
25.8,82.5,32.1,1,76
18.2,82.8,67.0,1,76
22.7,82.1,34.5,1,76
24.3,68.2,68.7,0,85
16.2,75.3,60.5,0,76
30.3,78.5,19.7,1,80
22.9,43.1,84.0,0,76
19.5,43.1,64.7,1,91
28.7,46.3,75.4,0,85
18.4,42.9,59.5,1,91
33.9,83.4,5.1,0,50
30.1,68.8,67.3,0,85
19.0,32.0,26.0,1,67
23.0,78.0,16.1,1,80
33.9,46.4,41.3,0,85
31.5,58.2,82.0,0,76
22.8,46.7,77.6,0,85
34.8,37.3,94.1,1,76
15.8,54.7,38.2,1,82
16.8,69.9,56.9,1,91
31.6,72.7,91.1,1,91
25.8,73.8,9.4,0,65
19.5,80.2,44.8,1,76
26.3,59.0,87.1,0,76
22.0,61.5,89.0,1,91
18.2,56.7,58.9,0,76
25.0,87.9,37.6,1,76
21.7,88.7,20.3,0,61
26.8,45.6,36.2,1,91
32.0,44.2,29.5,1,91
28.1,73.8,24.8,1,91
18.7,71.9,42.1,0,76
19.1,33.6,49.4,0,61
21.4,39.4,17.3,1,65
31.9,79.4,52.7,1,100
28.1,75.3,92.0,0,76
19.8,58.7,40.6,1,91
24.7,62.3,20.3,1,91
33.3,75.9,80.1,1,91
23.4,62.9,11.3,0,65
31.6,32.3,38.5,1,76
18.6,57.5,11.1,1,71
25.1,82.7,62.5,0,70
33.1,61.1,8.6,1,80
30.9,54.5,31.9,1,91
16.1,77.0,15.6,0,56
19.5,66.5,62.1,0,76
18.2,79.5,22.3,0,67
31.9,40.0,92.5,0,76
18.2,57.9,9.3,1,71
19.5,58.3,40.8,1,91
23.4,75.8,53.2,0,85
24.1,74.7,74.5,1,100
22.2,45.4,49.4,0,85
27.4,72.9,68.5,1,100
33.1,67.6,15.3,1,80
15.8,41.1,5.5,0,56
15.3,33.4,63.2,0,61
17.3,47.0,9.8,0,56
19.8,87.4,41.0,0,61
20.2,85.4,12.8,1,65
30.0,46.7,14.6,0,65
22.9,55.0,73.5,1,100
30.8,36.5,10.1,1,65
30.5,65.0,10.5,1,80
23.3,78.6,92.2,0,76
28.5,64.5,91.9,1,91
21.8,73.0,75.7,0,85
19.9,32.0,17.9,0,41
17.8,38.2,77.2,1,76
28.6,83.3,80.3,0,61
26.8,65.1,89.8,1,91
18.9,85.1,75.2,0,61
26.9,36.7,28.4,1,76
28.7,89.1,40.8,0,70
16.6,44.6,9.7,0,56
22.7,87.0,84.7,0,61
22.2,42.7,85.5,0,76
17.5,71.9,31.8,1,82
32.9,37.9,85.5,1,76
18.2,46.1,48.3,0,76
20.5,70.6,12.1,0,65
24.4,87.8,84.7,0,61
26.1,42.5,21.2,0,76
26.1,76.8,79.6,1,100
27.5,60.5,50.7,1,100
18.1,33.5,50.2,1,76
15.4,50.3,59.8,0,76
29.6,68.2,33.3,0,76
33.3,40.8,6.2,0,65
26.3,49.1,60.5,0,85
30.5,56.2,59.8,1,100
30.9,48.8,65.8,1,100
20.3,66.9,42.0,1,100
30.3,59.7,47.0,1,100
17.1,64.9,55.4,1,91
34.3,80.4,34.0,0,61
26.2,63.4,52.0,0,85
27.3,39.4,91.3,1,76
22.8,69.2,39.0,1,91
31.6,38.6,67.9,1,85
20.5,36.6,77.3,1,85
33.0,33.3,71.2,0,70
17.3,86.8,51.1,1,76
27.3,73.7,86.9,1,91
25.7,45.8,46.3,0,85
15.4,64.7,88.9,1,82
26.8,56.9,93.3,1,91
34.7,72.2,22.0,0,76
16.1,43.9,43.7,1,91
28.9,43.3,60.3,0,85
26.8,83.9,15.7,0,50
29.3,32.7,7.7,1,65
32.5,49.0,25.9,0,76
31.5,82.8,29.1,0,61
26.3,58.6,39.3,1,91
17.0,72.7,82.9,0,67
20.7,56.2,8.9,0,65
22.8,54.3,37.6,0,76
25.3,70.5,11.1,1,80
27.2,65.6,83.4,0,76
30.3,59.6,58.6,1,100
32.6,40.9,28.2,1,91
18.5,84.1,78.6,1,76
20.0,80.3,64.2,0,70
28.3,52.4,91.3,0,76
33.5,50.4,18.4,1,80
34.9,88.9,53.3,1,85
22.1,61.7,32.8,0,76
29.9,65.1,26.9,1,91
17.8,63.6,59.0,1,91
29.0,36.1,84.8,0,61
33.5,51.5,78.1,0,85
26.2,73.6,14.2,1,80
16.1,66.4,66.5,1,91
28.1,88.6,41.4,1,85
34.4,70.5,58.6,0,85
20.7,67.8,20.5,0,76
33.6,61.5,54.3,1,100
21.8,67.5,84.3,1,91
26.4,79.1,88.4,1,91
29.3,36.9,65.5,0,70
32.9,41.1,49.5,0,85
17.8,59.1,58.2,1,91
17.1,58.4,61.2,1,91
31.1,55.4,88.5,1,91
22.8,52.4,57.2,0,85
17.1,41.2,11.9,1,71
16.2,44.2,76.6,1,91
28.8,51.0,19.5,1,80
17.2,49.1,33.8,0,67
28.8,70.2,21.2,1,91
18.5,78.5,92.1,0,67
24.6,31.6,24.2,0,61
22.0,38.8,26.4,0,61
33.7,56.5,61.3,0,85
31.5,51.4,79.2,0,85
25.3,42.3,14.1,1,80
33.1,37.1,83.9,1,76
33.0,47.4,86.7,0,76
27.2,86.1,53.3,0,70
24.1,83.8,87.3,1,76
29.6,87.5,37.2,1,76
24.2,32.4,70.6,1,85
21.5,78.3,26.3,1,91
25.5,46.1,90.7,1,91
32.4,52.4,5.6,1,80
23.6,87.0,61.9,0,70
29.0,38.7,7.6,0,50
20.4,82.9,80.9,0,61
24.0,52.7,54.9,1,100
16.1,46.4,23.4,0,67
17.5,70.6,23.1,0,67
32.9,75.1,33.1,0,76
26.2,43.2,16.5,1,80
32.5,80.7,15.8,0,50
33.4,44.6,53.7,1,100
21.4,62.1,49.7,1,100
15.9,30.5,70.2,1,76
24.1,66.4,73.8,0,85
21.8,86.9,62.3,1,85
25.3,79.8,62.7,1,100
20.4,44.5,78.3,1,100
34.9,45.5,37.0,1,91
23.0,58.3,90.2,1,91
33.2,67.1,69.3,0,85
23.8,79.1,73.1,1,100
20.7,88.1,78.3,0,70
15.5,81.6,60.1,0,61
22.0,76.7,59.0,1,100
33.7,54.0,25.5,1,91
24.7,32.3,7.0,0,50
32.5,76.7,66.6,0,85
34.1,35.0,93.2,1,76
21.0,52.0,67.7,1,100
22.0,71.6,86.0,0,76
20.0,35.4,71.6,1,85
31.9,31.8,24.2,0,61
15.7,85.6,66.1,0,61
31.7,88.0,30.9,1,76
15.3,83.2,72.7,1,76
28.0,30.5,68.9,0,70
33.2,52.7,31.1,1,91
18.5,63.7,31.0,0,67
22.3,71.7,39.9,1,91
19.4,30.8,38.5,1,67
19.3,58.8,78.5,0,76
15.6,46.7,77.3,0,76
26.4,59.8,7.6,0,65
30.1,36.7,12.9,0,50
32.8,77.7,65.0,0,85
22.7,35.3,38.8,1,76
20.5,51.5,74.7,1,100
28.4,32.6,45.7,0,70
15.2,60.6,46.8,1,91
19.3,48.5,85.4,0,67
21.0,66.6,53.8,0,85
33.6,61.6,48.3,1,100
20.2,55.2,34.3,1,91
17.5,49.7,78.4,1,91
26.4,78.7,65.6,1,100
16.3,47.9,76.8,0,76
27.6,51.2,60.6,1,100
16.8,79.1,31.9,0,67
32.0,67.3,66.0,1,100
16.1,77.3,56.9,0,76
15.6,30.5,26.6,0,52
17.0,50.0,90.5,0,67
26.1,44.2,47.1,0,85
26.3,36.1,77.3,0,70
19.7,36.3,25.7,0,52
19.1,65.4,94.6,1,82
21.7,63.7,78.8,1,100
15.9,44.9,35.3,1,82
32.7,47.6,14.7,0,65
22.1,73.4,44.5,1,100
25.9,75.0,49.5,1,100
23.6,79.8,71.9,1,100
22.0,87.9,68.2,0,70
28.1,82.0,59.1,1,85
31.7,50.1,44.2,0,85
17.6,74.7,74.2,1,91
29.3,49.1,19.4,0,65
23.5,31.9,93.2,0,61
25.1,69.2,75.6,0,85
24.2,60.7,13.2,0,65
17.5,58.2,19.1,1,71
21.9,33.0,82.3,0,61
23.0,40.4,71.6,1,100
16.5,60.9,61.8,0,76
15.3,45.1,11.3,0,56
18.0,58.4,48.4,0,76
23.3,47.6,50.6,0,85
33.1,41.9,75.1,0,85
19.9,44.9,60.9,1,91
31.0,33.6,16.4,0,50
29.5,78.9,27.9,0,76
23.4,32.9,30.8,0,61
22.0,84.0,66.7,0,70
30.2,43.9,27.4,0,76
24.2,76.6,72.1,1,100
19.1,69.4,24.7,0,67
29.4,35.7,57.9,1,85
17.4,47.1,52.3,0,76
25.7,35.6,52.8,1,85
17.4,40.4,35.0,1,82
22.7,66.2,52.6,0,85
21.4,42.5,43.4,1,100
31.2,89.1,44.9,1,85
15.6,48.7,68.2,1,91
25.8,88.4,48.2,0,70
24.1,48.5,38.8,1,91
17.9,75.6,85.6,1,82
15.0,80.9,20.2,1,67
24.9,40.1,74.7,1,100
23.7,51.8,14.1,1,80
26.5,38.7,65.1,0,70
29.1,80.6,37.5,1,76
20.5,68.8,11.0,1,80
21.3,85.4,62.2,0,70
19.1,66.7,74.8,0,76
31.2,44.9,13.6,0,65
31.6,66.1,81.0,0,76
21.9,74.9,7.5,0,65
25.7,80.2,32.6,0,61
33.2,70.2,45.5,1,100
34.2,49.1,10.6,1,80
22.0,73.8,36.9,0,76
15.8,38.3,28.5,0,52
28.5,77.1,7.6,0,65
23.8,82.4,44.5,0,70
22.4,70.6,67.7,0,85
27.1,68.6,53.3,0,85
29.2,61.1,47.2,1,100
22.6,80.8,77.3,0,70
23.3,71.4,86.0,1,91
25.7,70.3,80.6,0,76
26.6,48.4,17.4,0,65
15.6,71.6,17.9,0,56
31.7,39.5,5.3,0,50
33.7,44.7,74.8,0,85
23.2,90.0,13.4,1,65
20.0,79.3,60.1,0,85
21.7,80.4,78.3,1,85
21.8,59.4,39.9,1,91
15.4,73.3,28.7,0,67
17.8,33.1,65.0,0,61
19.0,52.3,51.6,0,76
28.0,80.8,38.7,0,61
15.6,32.5,39.9,1,67
16.3,82.1,52.9,1,76
21.0,70.1,5.5,1,80
32.9,45.7,26.0,1,91
33.2,60.3,75.8,1,100
24.1,47.8,43.0,0,85
19.4,68.2,31.0,1,82
20.5,58.7,81.2,0,76
23.6,52.1,89.9,0,76
29.5,40.4,46.1,0,85
26.7,87.8,73.2,0,70
19.6,42.0,70.6,0,76
25.2,57.9,89.0,1,91
29.8,53.9,46.6,0,85
21.2,76.1,28.9,1,91
24.6,30.0,69.3,0,70
29.3,66.3,66.3,1,100
15.9,40.6,44.2,0,76
23.7,87.9,69.2,1,85
34.2,67.9,46.1,0,85
25.4,58.0,30.7,0,76
21.6,63.1,28.3,1,91
32.8,35.1,61.8,0,70
26.8,66.9,11.2,0,65
27.3,80.2,32.8,1,76
22.1,49.6,6.2,1,80
31.2,89.9,88.1,0,61
25.4,33.5,25.2,0,61
31.7,62.6,59.6,1,100
17.4,41.0,12.8,0,56
16.1,70.2,51.7,1,91
15.2,65.6,58.4,0,76
25.8,57.4,22.9,1,91
25.5,36.9,78.4,0,70
22.4,63.3,40.0,0,85
27.9,84.8,85.5,1,76
20.4,69.1,9.3,0,65
28.3,48.3,28.9,0,76
21.3,36.5,52.8,0,70
15.6,50.5,28.4,0,67
34.3,60.4,72.6,0,85
16.5,72.2,50.3,0,76
23.0,44.9,68.9,0,85
33.8,82.0,64.7,0,70
26.5,88.2,33.5,1,76
25.4,62.4,5.8,0,65
34.0,63.9,86.2,1,91
23.3,36.8,31.9,0,61
29.9,53.0,12.7,0,65
27.2,63.9,40.9,1,100
23.1,43.6,9.1,1,80
32.5,84.7,62.5,1,85
21.4,62.7,52.5,0,85
31.8,57.3,37.7,0,76
16.4,75.6,17.1,1,71
21.2,64.4,54.8,0,85
20.4,39.2,50.5,0,70
19.2,43.9,66.9,1,91
22.6,80.5,79.5,1,85
18.4,48.6,36.6,0,67
22.7,63.5,10.4,1,80
23.4,57.9,22.5,1,91
34.3,53.3,68.8,0,85
26.0,73.7,29.1,0,76
18.2,55.8,30.7,0,67
33.7,61.0,92.0,0,76
18.0,39.9,85.2,0,52
22.6,71.1,86.3,0,76
29.8,42.4,88.0,0,76
19.5,72.5,54.5,0,76
34.1,85.1,53.4,0,70
23.8,48.7,85.2,0,76
33.9,83.4,38.9,1,76
19.2,87.2,8.0,0,41
30.7,82.4,11.1,1,65
21.6,66.8,48.6,0,85
17.3,42.2,75.4,1,91
16.7,49.6,59.4,0,76
33.2,34.3,48.9,0,70
20.5,43.4,6.8,0,65
29.3,79.2,19.2,0,65
33.9,75.7,20.9,0,76
19.9,76.6,22.3,0,67
31.3,35.3,10.4,0,50
21.3,76.1,18.3,1,80
29.2,83.9,52.3,0,70
32.7,48.8,35.9,0,76
20.7,43.7,41.0,1,100
32.7,86.3,32.6,1,76
33.3,87.2,91.8,0,61
19.0,37.4,70.3,0,61
34.7,60.8,74.4,0,85
34.0,50.4,28.3,1,91
29.3,62.5,14.1,1,80
30.7,46.3,26.6,1,91
22.0,58.9,44.5,1,100
16.9,74.2,73.0,0,76
26.2,55.6,7.6,0,65
27.5,76.6,31.2,0,76
28.1,65.8,35.2,0,76
31.6,59.3,54.9,0,85
24.4,66.2,85.1,1,91
19.4,86.1,67.9,1,76
20.0,36.2,56.9,1,85
22.6,34.8,61.9,0,70
33.2,30.3,63.7,1,85
34.3,47.5,37.1,0,76
18.7,49.4,6.2,0,56
31.2,62.3,34.3,0,76
15.8,67.5,40.4,1,91
24.8,73.1,81.0,0,76
27.2,67.3,7.3,1,80
24.1,56.7,18.6,0,65
23.2,78.7,12.4,0,65
25.5,35.4,58.5,0,70
33.2,68.5,18.6,1,80
21.4,62.7,47.7,1,100
19.5,60.3,28.7,0,67
26.5,65.4,69.6,1,100
17.2,41.4,80.8,0,67
16.3,50.7,16.4,0,56
27.5,83.6,76.3,0,70
28.0,82.4,24.8,1,76
30.0,64.0,89.2,0,76
16.5,88.4,29.1,1,67
26.0,81.0,82.0,1,76
25.9,51.1,43.3,1,100
26.9,43.6,88.3,1,91
17.8,83.7,25.7,1,67
28.5,68.7,89.8,0,76
33.7,73.4,47.6,0,85
25.2,52.5,74.3,1,100
19.3,84.4,90.5,1,67
34.2,53.2,18.6,0,65
24.2,56.4,32.9,1,91
16.4,64.3,59.6,0,76
31.5,46.3,51.8,0,85
23.9,59.4,20.8,0,76
29.5,54.8,84.7,1,91
25.6,72.7,19.3,0,65
33.8,70.6,70.1,1,100
23.3,46.6,54.1,1,100
23.0,53.4,89.4,1,91
25.3,83.5,65.8,0,70
20.5,79.1,63.1,1,100
20.6,83.1,15.0,0,50
29.4,85.6,93.7,1,76
26.8,69.4,79.4,0,85
23.8,63.8,5.5,1,80
19.0,38.4,48.6,1,76
30.6,76.4,87.3,1,91
23.6,49.9,6.9,0,65
19.6,61.2,26.4,1,82
17.4,40.9,54.4,1,91
29.8,64.1,76.3,0,85
23.9,77.6,64.5,1,100
29.5,71.8,10.7,1,80
21.8,38.9,85.8,1,76
21.7,74.8,71.3,0,85
29.9,87.9,73.4,1,85
15.4,83.3,63.4,1,76
22.6,55.5,46.7,0,85
22.5,40.2,70.3,1,100
17.0,34.2,82.2,1,67
17.8,49.8,9.4,0,56
30.0,37.7,21.4,1,76
29.6,86.1,84.8,0,61
29.6,41.0,75.4,1,100
33.1,42.9,9.9,1,80
20.4,57.9,80.2,0,76
31.5,80.2,44.3,1,85
33.7,78.9,40.0,1,100
32.8,75.6,85.4,1,91
28.8,62.6,83.3,0,76
31.8,41.4,49.3,1,100
24.3,65.7,63.4,0,85
22.5,75.7,20.3,1,91
22.4,88.0,80.8,1,76
32.0,67.7,89.7,1,91
20.3,47.9,6.5,1,80
18.0,37.1,20.7,1,67
33.8,84.1,22.4,1,76
18.4,76.4,75.7,1,91
21.1,58.9,45.9,1,100
23.4,50.0,27.6,0,76
25.8,42.6,36.3,1,91
18.4,31.8,53.5,0,61
24.9,55.1,24.1,0,76
20.1,76.4,75.2,0,85
30.6,49.4,20.0,1,91
27.5,61.3,8.9,0,65
18.9,36.1,85.3,0,52
24.0,65.4,68.1,0,85
20.6,36.0,86.2,0,61
27.2,72.1,91.7,0,76
17.9,68.2,56.3,1,91
29.1,58.5,38.4,1,91
34.0,32.1,34.5,1,76
27.2,79.0,91.4,0,76
34.2,55.6,52.0,1,100
18.5,34.0,74.9,1,76
30.9,33.2,28.1,1,76
21.6,82.4,93.7,0,61
24.2,77.5,5.8,1,80
24.3,44.5,24.4,0,76
28.4,42.3,12.4,1,80
33.0,51.5,67.6,0,85
28.8,84.5,71.8,0,70
27.3,43.5,44.0,0,85
24.5,52.1,22.8,0,76
23.8,62.0,75.4,0,85
17.9,79.7,15.8,0,56
30.8,62.3,22.8,1,91
25.2,57.7,66.9,1,100
32.8,71.0,7.8,0,65
28.7,40.9,63.2,1,100
17.0,69.2,82.4,0,67
31.6,52.0,19.7,1,80
28.6,57.2,86.3,0,76
19.9,81.4,51.7,1,76
20.7,86.0,46.8,0,70
26.4,80.1,18.1,0,50
22.5,70.6,74.4,0,85
15.2,40.9,30.8,0,67
31.0,48.7,64.3,1,100
23.3,73.5,34.7,1,91
33.2,82.7,18.7,0,50
23.7,41.5,83.5,1,91
21.9,53.2,35.6,0,76
25.0,80.4,33.8,1,76
17.0,41.0,24.4,1,82
